DEPTH,GR
6.21 ,19.72 
3.35 ,17.00 
11.13 ,3.08 
6.76 ,1.83 
5.34 ,14.76 
16.47 ,6.89 
4.46 ,2.69 
4.19 ,8.08 
15.64 ,17.43 
1.62 ,7.56 
13.98 ,7.13 
8.95 ,4.53 
9.58 ,4.68 
11.93 ,14.78 
19.43 ,12.03 
0.69 ,0.09 
19.72 ,19.25 
6.65 ,16.66 
5.89 ,18.49 
13.61 ,8.53 
17.70 ,13.95 
17.80 ,7.15 
5.21 ,10.87 
10.75 ,5.78 
13.08 ,8.29 
14.33 ,13.77 
4.07 ,16.06 
18.33 ,16.22 
2.77 ,17.14 
0.02 ,6.48 
8.34 ,15.59 
4.45 ,14.22 
9.66 ,14.62 
17.22 ,9.96 
9.80 ,15.07 
1.31 ,10.08 
12.06 ,10.83 
17.24 ,1.26 
9.21 ,10.99 
18.71 ,11.70 
1.42 ,10.85 
8.59 ,18.31 
13.84 ,19.33 
19.76 ,12.22 
1.85 ,10.41 
11.89 ,3.44 
15.16 ,13.56 
15.17 ,17.75 
3.50 ,16.90 
3.93 ,0.29 
11.91 ,1.06 
17.97 ,11.10 
19.07 ,3.44 
3.36 ,14.37 
14.11 ,10.65 
7.53 ,2.25 
15.63 ,11.21 
10.65 ,15.11 
4.15 ,8.73 
8.00 ,8.04 
14.43 ,10.86 
14.23 ,9.45 
4.37 ,17.76 
11.34 ,7.04 
2.13 ,2.05 
16.51 ,12.70 
7.75 ,4.58 
3.89 ,15.39 
6.87 ,7.52 
19.67 ,4.59 
10.86 ,13.39 
3.76 ,2.89 
1.48 ,6.44 
17.99 ,18.76 
7.55 ,5.79 
11.70 ,15.94 
15.76 ,12.48 
15.95 ,18.69 
17.54 ,9.53 
17.10 ,4.40 
17.42 ,13.54 
3.41 ,9.04 
13.31 ,18.53 
0.54 ,8.69 
11.03 ,15.85 
14.92 ,1.24 
19.17 ,14.08 
3.32 ,15.37 
15.99 ,6.59 
14.44 ,14.22 
13.61 ,11.57 
16.06 ,9.93 
13.23 ,13.74 
15.60 ,17.41 
14.10 ,14.20 
0.14 ,3.31 
11.73 ,0.90 
7.31 ,12.79 
16.75 ,16.94 
14.75 ,18.15 
17.12 ,18.68 
4.60 ,19.91 
2.12 ,2.83 
9.37 ,2.19 
3.11 ,19.33 
9.06 ,17.99 
3.33 ,14.64 
7.78 ,18.47 
4.98 ,8.90 
2.79 ,4.54 
17.31 ,15.12 
8.32 ,2.11 
15.51 ,2.52 
12.65 ,17.15 
17.66 ,2.60 
0.39 ,19.99 
7.47 ,3.56 
13.67 ,5.52 
10.13 ,0.05 
2.86 ,14.17 
17.37 ,5.23 
2.73 ,8.37 
10.48 ,6.81 
12.81 ,10.12 
5.63 ,11.55 
10.88 ,9.65 
8.64 ,15.98 
5.33 ,2.83 
8.24 ,5.30 
4.52 ,4.82 
18.89 ,0.66 
16.65 ,4.42 
8.00 ,5.38 
5.30 ,13.82 
6.24 ,16.32 
10.59 ,9.63 
17.83 ,10.58 
13.85 ,10.36 
11.74 ,10.41 
13.27 ,8.52 
7.89 ,10.61 
9.30 ,18.93 
3.58 ,16.92 
16.96 ,1.40 
14.81 ,11.65 
6.12 ,0.91 
8.66 ,6.21 
6.64 ,2.72 
10.72 ,10.03 
13.61 ,2.55 
7.49 ,1.95 
13.46 ,3.76 
12.38 ,9.66 
18.64 ,18.19 
7.79 ,3.64 
5.30 ,19.96 
10.41 ,1.21 
2.78 ,10.49 
9.46 ,7.75 
7.66 ,4.53 
18.93 ,10.95 
18.15 ,3.47 
3.80 ,9.93 
2.67 ,11.12 
3.74 ,13.54 
8.25 ,10.65 
15.04 ,9.09 
3.78 ,3.03 
3.62 ,1.38 
16.33 ,18.61 
6.32 ,16.53 
16.78 ,10.19 
16.82 ,13.97 
6.84 ,3.01 
13.87 ,18.14 
10.29 ,2.96 
10.94 ,14.94 
8.19 ,7.00 
12.84 ,10.08 
6.62 ,1.40 
13.23 ,3.16 
0.06 ,8.81 
15.94 ,12.52 
13.81 ,12.89 
1.00 ,6.72 
2.16 ,15.02 
12.06 ,7.90 
18.03 ,3.24 
15.96 ,16.28 
18.49 ,7.13 
6.36 ,0.86 
7.40 ,13.49 
0.57 ,6.14 
2.46 ,6.30 
5.43 ,4.58 
3.38 ,11.08 
10.94 ,2.20 
9.07 ,3.06 
19.31 ,19.51 
17.48 ,17.87 
0.36 ,8.44 
12.51 ,6.62 
16.01 ,14.53 
10.83 ,16.37 
16.47 ,4.28 
5.18 ,3.89 
13.86 ,16.22 
7.96 ,7.67 
15.18 ,17.98 
11.51 ,12.40 
12.52 ,8.01 
0.55 ,12.49 
6.74 ,7.62 
16.82 ,0.76 
16.12 ,6.25 
13.48 ,3.26 
7.49 ,4.31 
17.47 ,10.48 
6.75 ,10.55 
5.25 ,10.02 
1.46 ,10.11 
2.93 ,2.26 
11.32 ,10.95 
18.31 ,6.12 
11.51 ,13.04 
3.55 ,8.34 
17.50 ,6.78 
13.36 ,19.40 
1.55 ,8.98 
8.17 ,19.69 
8.83 ,0.22 
15.38 ,10.49 
1.84 ,18.42 
13.04 ,19.77 
4.23 ,13.38 
11.33 ,10.83 
2.26 ,7.43 
5.47 ,10.46 
15.84 ,19.79 
15.79 ,0.82 
19.16 ,10.39 
13.57 ,17.81 
14.64 ,11.38 
17.79 ,8.92 
5.62 ,5.06 
5.33 ,6.63 
2.91 ,17.60 
13.55 ,13.52 
5.76 ,17.63 
16.13 ,7.84 
16.88 ,12.39 
13.45 ,19.94 
8.54 ,3.79 
9.26 ,11.11 
9.89 ,13.25 
17.32 ,2.41 
3.38 ,12.70 
14.22 ,2.07 
0.29 ,13.75 
11.79 ,3.59 
6.83 ,14.01 
10.95 ,1.33 
5.04 ,11.94 
2.80 ,19.03 
19.12 ,5.82 
8.63 ,19.20 
5.23 ,18.65 
13.54 ,8.10 
19.71 ,17.34 
7.50 ,14.38 
15.43 ,14.60 
14.76 ,11.01 
3.98 ,15.32 
7.33 ,13.09 
10.30 ,13.00 
10.13 ,1.96 
16.69 ,16.54 
18.16 ,8.08 
9.95 ,19.65 
1.25 ,19.86 
13.31 ,10.67 
16.71 ,1.37 
15.84 ,5.62 
11.79 ,14.29 
7.83 ,15.25 
11.18 ,0.79 
11.76 ,3.25 
12.52 ,14.24 
19.03 ,8.37 
10.70 ,3.50 
9.17 ,11.86 
4.94 ,11.11 
5.22 ,4.24 
2.31 ,13.53 
10.12 ,4.65 
4.58 ,18.28 
5.14 ,10.46 
11.49 ,13.76 
17.51 ,3.25 
7.66 ,17.87 
5.69 ,2.94 
19.19 ,11.14 
11.45 ,5.70 
12.20 ,14.57 
12.70 ,3.43 
2.66 ,15.46 
8.22 ,19.81 
1.00 ,6.79 
9.05 ,11.99 
7.12 ,19.27 
5.11 ,10.88 
15.26 ,7.65 
19.83 ,1.80 
0.31 ,13.27 
19.73 ,4.50 
15.82 ,2.14 
1.83 ,2.15 
5.69 ,5.04 
14.57 ,13.94 
14.56 ,15.17 
13.45 ,11.41 
16.69 ,12.01 
3.15 ,16.99 
8.88 ,0.51 
9.98 ,0.94 
16.09 ,12.45 
9.06 ,3.13 
16.05 ,6.66 
11.70 ,17.06 
4.79 ,13.33 
4.21 ,8.20 
14.95 ,7.08 
15.57 ,3.07 
11.04 ,15.57 
19.85 ,8.09 
1.72 ,0.58 
18.35 ,8.25 
17.97 ,10.06 
3.95 ,5.18 
4.07 ,9.74 
12.77 ,6.66 
6.49 ,12.82 
5.84 ,14.02 
18.68 ,11.09 
7.57 ,3.76 
17.45 ,19.43 
19.04 ,13.91 
13.56 ,13.77 
9.01 ,9.91 
15.98 ,1.20 
3.88 ,15.57 
9.36 ,6.50 
17.20 ,14.98 
16.57 ,11.60 
1.37 ,3.08 
18.93 ,5.66 
19.13 ,5.53 
15.63 ,14.46 
14.56 ,17.42 
6.72 ,16.37 
15.13 ,13.92 
18.98 ,7.51 
19.08 ,1.72 
19.64 ,9.07 
12.95 ,12.78 
15.19 ,12.76 
8.11 ,11.12 
15.19 ,18.66 
19.45 ,9.05 
15.17 ,17.06 
10.74 ,16.59 
10.03 ,8.15 
7.93 ,5.15 
11.66 ,2.29 
15.94 ,4.18 
10.47 ,8.47 
6.11 ,12.55 
7.09 ,12.30 
3.04 ,9.35 
10.34 ,7.62 
1.83 ,17.92 
8.59 ,19.09 
1.44 ,19.46 
0.13 ,5.00 
14.14 ,10.80 
1.37 ,14.06 
8.57 ,1.07 
6.94 ,14.41 
14.57 ,0.01 
18.50 ,14.60 
0.54 ,5.33 
7.68 ,0.54 
10.05 ,11.63 
11.16 ,0.77 
5.33 ,19.08 
16.49 ,19.42 
18.33 ,4.63 
18.50 ,12.83 
18.16 ,5.56 
0.33 ,10.87 
0.09 ,7.02 
4.13 ,0.90 
5.18 ,7.61 
5.49 ,13.36 
9.29 ,12.33 
1.33 ,7.00 
17.88 ,1.06 
17.41 ,1.29 
9.53 ,3.38 
5.22 ,5.91 
11.39 ,3.50 
9.28 ,1.70 
0.80 ,14.88 
6.88 ,11.18 
7.08 ,12.86 
10.69 ,2.93 
9.65 ,7.56 
10.93 ,18.40 
16.71 ,0.53 
12.88 ,11.50 
2.06 ,3.70 
8.63 ,5.48 
6.04 ,14.62 
10.36 ,1.34 
11.41 ,11.92 
3.93 ,0.69 
12.81 ,12.97 
3.14 ,7.85 
5.94 ,15.14 
10.24 ,18.51 
13.34 ,9.29 
11.83 ,17.69 
8.58 ,18.52 
0.54 ,4.05 
3.99 ,0.91 
0.81 ,13.95 
10.16 ,13.81 
4.85 ,15.95 
14.47 ,7.40 
19.59 ,12.76 
1.55 ,11.08 
17.44 ,18.75 
14.13 ,11.38 
19.44 ,11.08 
9.45 ,18.12 
5.68 ,3.02 
9.08 ,16.57 
15.51 ,3.27 
0.72 ,19.57 
17.41 ,3.20 
2.02 ,18.71 
11.45 ,12.64 
8.58 ,0.28 
9.27 ,14.92 
13.93 ,1.62 
2.07 ,6.35 
9.20 ,19.83 
10.79 ,11.75 
9.39 ,1.87 
14.48 ,19.39 
8.84 ,1.57 
12.70 ,18.90 
18.70 ,3.41 
4.97 ,6.83 
17.00 ,19.46 
1.65 ,16.26 
16.78 ,4.03 
18.45 ,8.87 
2.34 ,11.98 
4.90 ,5.46 
6.44 ,3.81 
4.37 ,16.83 
18.59 ,6.80 
19.31 ,12.12 
19.79 ,11.08 
12.20 ,6.72 
15.28 ,12.15 
16.92 ,4.78 
11.26 ,5.23 
14.92 ,2.47 
2.68 ,4.46 
3.34 ,7.21 
16.93 ,9.55 
9.03 ,10.58 
2.37 ,17.44 
16.81 ,7.74 
14.76 ,3.37 
10.38 ,15.03 
11.46 ,18.30 
16.13 ,15.80 
16.99 ,5.09 
18.40 ,10.37 
12.79 ,16.93 
14.22 ,8.64 
19.33 ,19.06 
17.14 ,7.18 
13.09 ,6.97 
0.49 ,0.58 
10.35 ,19.13 
0.02 ,8.73 
7.42 ,18.44 
9.70 ,5.35 
7.11 ,3.83 
14.81 ,5.70 
8.27 ,12.52 
10.93 ,11.27 
7.34 ,16.75 
5.78 ,12.50 
10.09 ,4.55 
16.25 ,2.89 
18.53 ,4.87 
12.92 ,0.67 
16.46 ,3.36 
15.53 ,4.76 
0.67 ,14.46 
6.23 ,16.98 
19.80 ,17.88 
13.23 ,10.62 
8.44 ,8.01 
1.29 ,1.89 
10.09 ,1.39 
4.58 ,12.96 
2.26 ,12.13 
18.98 ,16.01 
8.63 ,17.52 
18.04 ,7.45 
6.87 ,12.22 
19.16 ,11.00 
1.67 ,5.01 
13.09 ,3.57 
13.63 ,13.49 
0.30 ,7.47 
10.21 ,0.87 
5.46 ,13.08 
4.69 ,13.52 
5.08 ,18.46 
6.16 ,16.93 
4.87 ,1.64 
19.74 ,8.44 
2.65 ,13.38 
4.78 ,17.05 
4.97 ,3.14 
7.49 ,9.70 
5.72 ,15.02 
13.78 ,11.41 
14.75 ,7.20 
18.08 ,18.45 
17.98 ,10.24 
4.87 ,17.26 
5.13 ,7.05 
8.66 ,8.73 
4.14 ,17.04 
3.97 ,3.91 
14.44 ,0.02 
8.33 ,19.23 
12.71 ,9.31 
10.98 ,16.59 
9.52 ,13.40 
1.56 ,10.22 
5.27 ,6.35 
9.33 ,9.22 
6.42 ,6.92 
14.39 ,9.82 
1.64 ,9.15 
1.37 ,1.69 
2.24 ,7.28 
19.28 ,16.25 
2.50 ,19.67 
19.68 ,11.37 
19.60 ,5.99 
7.82 ,4.51 
15.37 ,10.20 
9.09 ,2.81 
16.47 ,16.58 
3.35 ,18.80 
1.40 ,7.13 
7.67 ,9.89 
6.61 ,7.33 
5.54 ,17.51 
18.17 ,19.84 
13.76 ,17.35 
13.80 ,13.61 
2.27 ,7.53 
19.49 ,1.50 
14.83 ,3.18 
1.67 ,16.12 
18.45 ,7.15 
2.47 ,16.01 
16.46 ,6.98 
4.34 ,14.44 
12.97 ,4.59 
4.23 ,13.96 
13.63 ,6.69 
7.69 ,10.80 
17.78 ,9.70 
16.24 ,2.55 
1.65 ,19.52 
1.14 ,9.76 
15.37 ,13.98 
9.13 ,18.86 
14.69 ,4.02 
13.52 ,2.15 
7.47 ,7.77 
13.24 ,17.31 
15.31 ,0.49 
1.36 ,16.54 
19.89 ,5.41 
19.78 ,1.60 
9.68 ,1.62 
18.81 ,19.01 
19.49 ,18.22 
12.83 ,2.31 
15.68 ,1.44 
2.79 ,11.30 
1.36 ,4.42 
11.42 ,7.80 
1.34 ,6.97 
2.57 ,7.27 
4.19 ,17.54 
13.91 ,11.66 
6.38 ,9.25 
3.03 ,7.15 
5.59 ,12.76 
1.49 ,17.21 
5.59 ,8.58 
10.18 ,18.99 
8.94 ,17.93 
9.75 ,18.98 
13.70 ,7.82 
13.55 ,8.73 
15.63 ,12.02 
10.31 ,5.44 
8.80 ,18.16 
5.74 ,19.06 
3.81 ,17.83 
18.88 ,16.56 
9.82 ,10.20 
15.86 ,17.01 
0.30 ,6.45 
2.53 ,13.50 
12.86 ,6.86 
9.24 ,19.47 
4.66 ,18.75 
17.75 ,18.19 
7.60 ,8.30 
6.25 ,10.38 
10.87 ,16.74 
13.31 ,15.83 
18.51 ,12.22 
12.64 ,19.94 
2.77 ,11.78 
14.39 ,7.28 
10.70 ,19.33 
8.27 ,7.16 
3.72 ,10.20 
18.70 ,11.95 
10.93 ,19.90 
2.70 ,11.10 
7.61 ,3.22 
13.95 ,17.99 
4.95 ,19.23 
2.55 ,4.81 
9.87 ,5.27 
1.11 ,7.14 
1.80 ,6.89 
6.65 ,16.05 
19.08 ,9.91 
5.73 ,8.34 
15.59 ,5.98 
10.11 ,0.09 
17.87 ,13.60 
12.11 ,17.46 
6.34 ,6.36 
1.36 ,8.80 
17.32 ,2.03 
10.24 ,15.34 
19.86 ,16.10 
18.26 ,17.99 
2.09 ,6.75 
19.14 ,11.35 
2.91 ,6.66 
15.40 ,1.67 
13.48 ,6.81 
3.02 ,0.74 
18.98 ,14.29 
17.68 ,10.14 
0.84 ,13.93 
15.34 ,19.34 
5.61 ,13.90 
3.17 ,9.05 
13.20 ,6.21 
8.08 ,8.03 
8.05 ,16.28 
17.65 ,16.35 
5.57 ,12.50 
2.53 ,19.49 
18.55 ,4.36 
19.44 ,3.54 
8.59 ,5.45 
9.68 ,9.93 
10.13 ,16.13 
7.74 ,0.84 
1.71 ,11.42 
4.03 ,16.21 
7.96 ,8.09 
17.05 ,2.12 
13.82 ,18.69 
3.87 ,1.55 
5.15 ,5.61 
8.21 ,19.22 
6.93 ,3.60 
7.46 ,17.74 
5.88 ,16.39 
2.49 ,13.38 
6.48 ,19.04 
3.23 ,11.44 
13.80 ,11.45 
3.72 ,3.47 
11.23 ,4.51 
8.89 ,17.54 
17.14 ,0.97 
16.79 ,3.33 
11.16 ,11.20 
14.94 ,18.49 
19.17 ,8.34 
4.68 ,2.39 
6.71 ,8.40 
1.57 ,10.15 
1.31 ,10.24 
5.37 ,18.10 
18.23 ,18.63 
3.36 ,3.04 
14.06 ,6.03 
16.56 ,11.10 
0.36 ,9.31 
16.43 ,15.70 
16.26 ,6.80 
16.14 ,12.16 
17.81 ,3.65 
15.27 ,8.98 
0.52 ,12.30 
1.06 ,5.76 
12.27 ,15.14 
18.82 ,10.37 
14.47 ,13.44 
13.47 ,12.23 
3.12 ,1.81 
16.55 ,13.49 
1.14 ,13.28 
2.98 ,16.50 
15.13 ,12.61 
7.19 ,4.20 
2.94 ,1.30 
11.99 ,19.72 
13.76 ,10.25 
6.00 ,4.46 
15.31 ,15.37 
12.59 ,18.96 
3.29 ,0.87 
9.00 ,17.97 
16.52 ,5.13 
18.09 ,18.58 
1.28 ,1.91 
8.75 ,15.48 
2.48 ,3.88 
12.44 ,9.08 
18.45 ,10.83 
3.85 ,9.53 
7.52 ,16.96 
8.23 ,16.40 
3.61 ,7.06 
13.81 ,2.89 
6.10 ,1.77 
17.01 ,16.09 
15.20 ,5.38 
1.46 ,14.59 
12.81 ,4.49 
6.93 ,0.14 
16.52 ,9.63 
16.84 ,17.73 
6.82 ,11.65 
2.35 ,12.63 
9.92 ,0.05 
16.84 ,13.22 
9.19 ,17.35 
4.19 ,10.06 
1.07 ,5.81 
4.29 ,7.12 
14.15 ,9.77 
12.82 ,0.56 
6.85 ,17.76 
5.53 ,13.35 
14.71 ,17.94 
15.29 ,16.31 
13.34 ,13.80 
0.30 ,10.71 
14.54 ,12.19 
19.07 ,7.35 
14.81 ,0.54 
6.94 ,10.60 
9.38 ,5.20 
10.90 ,12.58 
12.98 ,6.48 
18.51 ,12.65 
17.91 ,3.79 
15.45 ,2.80 
10.25 ,8.13 
8.29 ,6.74 
12.29 ,4.49 
2.55 ,19.52 
14.26 ,3.07 
3.94 ,17.60 
6.17 ,10.57 
5.57 ,15.67 
11.05 ,14.64 
2.28 ,13.19 
15.25 ,4.74 
5.92 ,2.89 
5.15 ,15.10 
1.31 ,14.75 
6.14 ,3.90 
19.60 ,1.83 
16.11 ,13.60 
18.06 ,7.30 
9.71 ,17.71 
2.10 ,11.32 
2.68 ,12.28 
9.73 ,10.17 
1.22 ,0.40 
18.07 ,7.58 
2.16 ,18.25 
14.31 ,7.62 
4.33 ,1.67 
0.98 ,19.43 
18.82 ,4.62 
16.69 ,18.19 
9.83 ,6.87 
6.08 ,8.74 
8.31 ,0.08 
7.52 ,17.26 
6.75 ,2.81 
0.24 ,16.82 
17.44 ,2.23 
17.30 ,14.29 
4.36 ,14.66 
9.31 ,15.15 
5.40 ,16.79 
2.33 ,9.26 
6.48 ,15.85 
4.41 ,3.76 
18.29 ,15.31 
1.64 ,19.68 
12.97 ,6.88 
8.45 ,4.40 
5.11 ,15.65 
1.36 ,5.51 
7.27 ,3.10 
3.43 ,4.76 
18.85 ,0.97 
7.17 ,16.36 
16.28 ,4.67 
19.92 ,17.14 
19.73 ,16.29 
11.98 ,5.49 
14.40 ,9.97 
6.68 ,12.22 
16.89 ,8.04 
18.02 ,3.75 
19.21 ,14.74 
4.00 ,5.13 
9.12 ,12.81 
3.79 ,14.40 
8.48 ,16.55 
13.62 ,17.09 
5.69 ,1.93 
2.83 ,5.69 
10.89 ,8.48 
0.03 ,12.36 
3.47 ,6.21 
8.12 ,17.90 
14.04 ,13.26 
12.13 ,1.83 
5.35 ,17.95 
9.05 ,13.01 
1.90 ,3.25 
2.53 ,5.23 
0.26 ,0.80 
15.31 ,17.42 
3.17 ,12.41 
19.50 ,11.16 
17.08 ,7.94 
18.97 ,12.45 
11.30 ,6.69 
19.72 ,14.82 
6.22 ,6.52 
11.97 ,2.91 
1.42 ,19.07 
4.57 ,3.14 
7.78 ,2.74 
7.94 ,7.91 
18.24 ,6.00 
2.17 ,19.40 
4.53 ,5.38 
5.05 ,14.53 
8.11 ,11.70 
6.29 ,19.93 
0.59 ,3.12 
18.90 ,1.25 
12.96 ,18.09 
16.99 ,10.09 
7.67 ,9.52 
8.82 ,4.97 
3.83 ,7.92 
9.59 ,19.38 
19.83 ,14.99 
0.24 ,14.56 
17.36 ,16.40 
16.83 ,7.55 
10.50 ,18.61 
13.93 ,14.21 
7.61 ,14.55 
9.80 ,1.10 
0.43 ,0.29 
8.75 ,9.48 
14.91 ,15.53 
2.42 ,15.95 
18.44 ,4.55 
18.30 ,9.44 
13.61 ,9.70 
5.83 ,15.50 
9.81 ,4.46 
11.67 ,2.81 
8.86 ,4.32 
4.32 ,8.61 
2.51 ,16.83 
7.96 ,17.43 
8.45 ,6.66 
3.40 ,7.68 
9.29 ,16.56 
3.49 ,9.19 
1.47 ,6.63 
17.55 ,9.62 
8.42 ,1.49 
16.44 ,3.70 
5.28 ,6.28 
1.58 ,18.04 
12.74 ,1.77 
8.89 ,7.33 
17.59 ,1.58 
17.00 ,16.77 
13.79 ,14.88 
8.72 ,15.20 
7.63 ,1.05 
8.86 ,8.62 
1.43 ,10.56 
1.17 ,16.21 
15.63 ,3.26 
6.20 ,13.58 
0.20 ,14.84 
18.43 ,4.77 
18.04 ,8.94 
10.01 ,0.09 
17.67 ,14.49 
2.57 ,20.00 
1.36 ,12.66 
15.31 ,16.69 
8.70 ,10.89 
0.28 ,11.66 
3.74 ,3.46 
14.87 ,11.94 
3.82 ,4.60 
10.10 ,18.53 
11.10 ,7.19 
15.52 ,0.61 
14.71 ,13.67 
13.62 ,0.57 
14.71 ,17.71 
7.25 ,4.72 
3.92 ,12.34 
12.35 ,4.09 
18.03 ,16.72 
0.27 ,17.13 
10.18 ,17.33 
15.08 ,11.11 
11.93 ,1.93 
6.70 ,15.52 
9.59 ,10.64 
16.27 ,1.30 
5.40 ,1.63 
18.38 ,1.31 
6.34 ,6.95 
13.43 ,18.45 
5.07 ,0.77 
11.99 ,15.23 
4.22 ,9.03 
9.04 ,19.81 
12.20 ,6.04 
17.52 ,12.13 
2.10 ,1.83 
7.21 ,7.73 
12.68 ,4.74 
14.64 ,13.07 
1.05 ,5.62 
17.57 ,0.33 
11.88 ,3.38 
4.18 ,0.54 
8.73 ,12.70 
2.39 ,4.83 
11.02 ,14.28 
13.96 ,9.42 
12.51 ,6.76 
16.78 ,0.24 
19.71 ,3.14 
10.79 ,10.19 
19.88 ,1.47 
9.92 ,0.48 
17.18 ,9.94 
18.71 ,15.60 
0.60 ,2.12 
3.76 ,6.24 
5.58 ,10.51 
12.16 ,13.85 
13.62 ,8.34 
6.97 ,8.20 
2.10 ,9.15 
18.03 ,6.26 
7.06 ,8.54 
14.08 ,13.04 
0.16 ,16.06 
9.00 ,5.62 
9.09 ,14.72 
3.60 ,5.97 
8.89 ,5.15 
2.05 ,6.15 
19.81 ,6.88 
8.63 ,5.86 
4.47 ,17.43 
6.29 ,9.85 
13.47 ,2.04 
10.97 ,18.11 
8.52 ,19.83 
9.75 ,2.21 
12.97 ,5.62 
19.48 ,10.24 
9.20 ,18.32 
6.27 ,6.87 
3.55 ,15.62 
11.14 ,19.25 
18.42 ,5.82 
11.49 ,1.18 
4.90 ,0.26 
10.63 ,11.60 
2.73 ,17.00 
2.23 ,12.05 
2.13 ,13.00 
2.04 ,17.74 
15.19 ,16.01 
5.24 ,16.87 
17.46 ,12.38 
8.66 ,1.19 
17.43 ,13.41 
19.20 ,15.62 
2.88 ,16.84 
10.08 ,5.13 
16.65 ,0.60 
14.39 ,17.98 
8.66 ,15.27 
3.92 ,4.90 
13.38 ,7.38 
6.49 ,6.84 
17.36 ,15.58 
7.66 ,18.46 
5.06 ,2.56 
3.31 ,17.20 
9.56 ,10.01 
0.14 ,13.78 
15.72 ,16.61 
13.77 ,18.97 
7.86 ,8.30 
15.44 ,8.02 
18.72 ,9.97 
0.02 ,0.86 
17.87 ,18.19 
11.97 ,6.25 
17.66 ,9.94 
5.99 ,16.55 
19.95 ,13.50 
14.65 ,0.23 
6.75 ,3.06 
10.01 ,5.47 
3.86 ,1.35 
9.73 ,2.49 
12.57 ,1.88 
18.77 ,13.24 
17.65 ,6.86 
4.22 ,1.75 
3.79 ,5.55 
0.74 ,0.65 
13.88 ,13.91 
14.15 ,13.50 
16.89 ,1.68 
11.51 ,12.17 
0.60 ,16.57 
1.60 ,8.22 
16.01 ,4.79 
8.02 ,13.09 
6.44 ,7.30 
4.36 ,7.06 
9.09 ,18.67 
13.80 ,3.80 
10.08 ,9.28 
15.63 ,15.64 
12.04 ,14.91 
13.92 ,8.21 
2.49 ,13.87 
17.75 ,6.38 
16.08 ,4.25 
15.76 ,13.21 
1.89 ,15.87 
17.73 ,4.59 
15.02 ,11.68 
8.26 ,0.16 
7.98 ,6.32 
19.98 ,10.33 
3.11 ,2.70 
4.71 ,8.45 
13.71 ,19.82 
1.49 ,9.55 
8.67 ,4.58 
4.22 ,3.69 
4.60 ,14.86 
11.42 ,6.14 
17.12 ,18.34 
3.35 ,3.73 
7.98 ,14.56 
11.24 ,6.52 
9.53 ,18.40 
3.36 ,2.82 
5.12 ,7.38 
6.82 ,6.28 
2.07 ,2.51 
13.41 ,3.19 
18.13 ,10.96 
9.53 ,8.82 
8.65 ,15.57 
16.46 ,10.41 
14.80 ,19.21 
12.70 ,3.19 
18.85 ,5.66 
17.69 ,19.60 
2.92 ,18.57 
4.13 ,19.27 
7.95 ,16.29 
9.24 ,8.89 
0.69 ,12.28 
17.11 ,6.26 
2.23 ,6.03 
6.39 ,2.66 
1.82 ,6.70 
5.92 ,5.46 
19.38 ,1.15 
11.33 ,19.09 
1.22 ,15.68 
8.64 ,18.43 
13.58 ,5.97 
19.25 ,1.05 
10.55 ,3.36 
4.53 ,5.42 
17.17 ,19.11 
16.02 ,3.22 
5.02 ,19.80 
6.34 ,8.99 
8.58 ,9.28 
0.55 ,9.72 
4.51 ,12.10 
18.43 ,1.90 
19.79 ,4.01 
18.80 ,16.38 
6.82 ,5.74 
4.65 ,19.30 
11.01 ,2.69 
7.81 ,11.12 
18.74 ,17.07 
15.23 ,9.10 
18.48 ,8.43 
16.28 ,2.40 
5.30 ,16.62 
3.11 ,17.65 
6.04 ,19.81 
3.47 ,8.59 
0.38 ,10.59 
18.15 ,5.97 
7.40 ,14.47 
10.14 ,18.16 
15.66 ,17.35 
1.46 ,5.20 
4.73 ,7.53 
6.96 ,8.46 
11.62 ,4.19 
17.47 ,6.49 
14.01 ,6.98 
4.15 ,0.96 
6.34 ,18.77 
11.49 ,4.98 
11.89 ,2.22 
19.53 ,13.34 
8.28 ,16.77 
16.00 ,1.43 
12.76 ,2.05 
2.91 ,12.22 
4.11 ,12.06 
3.29 ,4.93 
13.16 ,12.62 
7.78 ,14.47 
18.65 ,14.64 
6.99 ,5.95 
16.43 ,19.65 
7.57 ,17.11 
0.57 ,10.48 
1.61 ,14.02 
2.53 ,6.37 
1.50 ,19.28 
5.75 ,2.59 
6.01 ,18.72 
16.92 ,10.58 
19.01 ,12.55 
10.50 ,7.47 
11.15 ,19.69 
6.27 ,5.21 
9.23 ,16.79 
6.97 ,13.75 
14.75 ,8.02 
12.60 ,8.53 
15.84 ,15.95 
9.75 ,12.68 
19.40 ,11.17 
11.41 ,19.77 
17.53 ,7.65 
19.64 ,10.36 
8.55 ,13.67 
4.03 ,16.51 
16.53 ,8.04 
7.36 ,15.11 
10.84 ,14.97 
12.33 ,2.64 
15.35 ,3.66 
1.01 ,2.29 
18.41 ,7.18 
14.72 ,14.30 
2.12 ,10.46 
7.57 ,6.94 
7.58 ,17.41 
11.16 ,10.25 
18.91 ,12.17 
10.53 ,11.81 
11.32 ,5.75 
11.07 ,1.35 
7.84 ,15.04 
17.93 ,16.06 
14.84 ,19.75 
13.07 ,5.98 
19.81 ,1.18 
18.91 ,16.22 
11.69 ,0.64 
12.54 ,10.57 
12.69 ,15.52 
3.33 ,5.29 
4.77 ,1.67 
8.58 ,9.41 
6.63 ,4.81 
3.08 ,2.80 
0.67 ,10.70 
4.91 ,12.08 
1.24 ,10.64 
13.98 ,18.39 
4.24 ,8.36 
3.82 ,4.85 
15.38 ,2.39 
13.63 ,14.35 
13.04 ,9.08 
8.15 ,8.59 
11.82 ,1.87 
18.12 ,10.70 
19.05 ,2.47 
13.15 ,18.20 
3.76 ,3.38 
9.54 ,3.42 
19.94 ,7.32 
5.12 ,9.11 
6.85 ,2.19 
8.73 ,2.96 
9.10 ,3.18 
6.68 ,13.70 
3.17 ,18.06 
7.09 ,7.04 
2.98 ,10.07 
19.24 ,10.28 
18.60 ,13.53 
2.15 ,15.24 
5.90 ,15.36 
9.20 ,19.22 
14.45 ,5.75 
3.34 ,1.02 
10.12 ,17.49 
14.96 ,18.72 
17.62 ,3.02 
7.37 ,17.60 
4.28 ,0.20 
1.65 ,5.42 
13.19 ,12.66 
10.28 ,18.27 
8.83 ,2.68 
6.51 ,12.06 
2.27 ,4.46 
9.89 ,1.30 
8.32 ,12.43 
16.03 ,7.39 
1.73 ,19.20 
3.68 ,16.61 
14.13 ,6.98 
8.59 ,17.67 
11.89 ,19.85 
13.09 ,14.57 
2.73 ,13.39 
11.97 ,4.85 
1.44 ,2.39 
11.57 ,6.85 
19.67 ,12.31 
2.41 ,10.56 
1.44 ,10.07 
9.46 ,9.72 
8.54 ,18.64 
17.74 ,13.69 
4.71 ,6.89 
13.61 ,10.53 
19.22 ,1.82 
7.94 ,6.06 
18.77 ,3.94 
4.39 ,10.44 
14.56 ,16.39 
9.89 ,15.79 
17.61 ,15.74 
5.03 ,10.86 
18.83 ,15.59 
7.29 ,3.32 
2.59 ,13.60 
9.18 ,10.30 
19.97 ,12.06 
2.98 ,4.90 
14.57 ,6.08 
0.37 ,1.90 
19.42 ,15.44 
4.28 ,15.30 
4.55 ,9.55 
9.93 ,17.15 
15.69 ,15.29 
2.46 ,8.08 
19.90 ,10.12 
12.53 ,19.08 
12.53 ,12.75 
6.83 ,4.03 
8.66 ,0.76 
4.37 ,15.21 
8.39 ,16.32 
9.67 ,9.16 
1.08 ,3.70 
13.52 ,2.17 
1.13 ,17.60 
17.19 ,4.04 
10.04 ,11.98 
1.77 ,15.25 
8.59 ,9.99 
15.74 ,14.25 
2.31 ,14.92 
6.02 ,19.10 
11.37 ,6.92 
18.13 ,18.16 
8.32 ,3.22 
6.17 ,2.65 
8.51 ,0.72 
7.94 ,2.27 
0.54 ,14.45 
12.67 ,14.43 
6.90 ,1.49 
6.85 ,10.42 
1.84 ,13.56 
18.94 ,13.75 
13.75 ,0.40 
17.02 ,1.91 
18.21 ,10.49 
6.37 ,17.21 
11.49 ,0.11 
18.13 ,13.96 
8.91 ,4.95 
10.10 ,9.04 
18.99 ,14.14 
5.25 ,14.62 
9.95 ,13.35 
15.08 ,12.96 
17.80 ,3.08 
17.95 ,10.68 
2.69 ,9.06 
1.82 ,7.64 
6.21 ,10.12 
8.19 ,15.85 
13.02 ,8.87 
17.29 ,8.12 
7.88 ,13.42 
13.31 ,17.40 
14.60 ,6.71 
19.14 ,2.63 
4.31 ,15.78 
18.87 ,2.07 
14.68 ,14.68 
19.87 ,14.37 
2.94 ,4.94 
0.77 ,19.75 
0.84 ,15.95 
3.94 ,16.86 
9.77 ,19.58 
16.37 ,11.86 
6.46 ,0.64 
4.84 ,17.80 
15.09 ,4.57 
10.13 ,17.42 
3.04 ,19.86 
13.74 ,19.40 
16.07 ,17.85 
2.94 ,3.07 
14.21 ,0.81 
3.46 ,4.78 
12.64 ,2.50 
13.09 ,16.03 
12.17 ,17.49 
14.23 ,10.88 
16.74 ,2.30 
15.32 ,13.61 
14.95 ,2.19 
13.30 ,4.81 
15.72 ,2.94 
6.29 ,4.99 
1.85 ,19.07 
19.38 ,19.75 
16.54 ,1.14 
7.10 ,15.38 
14.79 ,3.09 
10.61 ,1.67 
7.94 ,6.23 
12.55 ,17.86 
14.54 ,11.86 
18.40 ,12.64 
14.58 ,2.52 
18.30 ,10.36 
5.31 ,10.25 
14.44 ,5.98 
19.00 ,5.08 
3.32 ,18.05 
13.14 ,18.00 
2.64 ,4.87 
15.54 ,16.63 
13.08 ,2.03 
8.21 ,9.86 
9.29 ,0.15 
12.12 ,2.39 
18.16 ,0.09 
1.09 ,19.88 
16.66 ,1.95 
4.55 ,19.00 
5.04 ,17.56 
0.86 ,7.68 
17.61 ,13.75 
4.41 ,2.95 
1.39 ,4.61 
1.32 ,5.69 
18.41 ,12.80 
15.99 ,19.11 
8.86 ,19.53 
17.17 ,2.81 
19.90 ,8.07 
14.47 ,10.57 
0.54 ,1.33 
3.04 ,14.94 
19.02 ,12.27 
1.85 ,17.63 
10.75 ,2.78 
7.86 ,9.75 
3.92 ,16.24 
8.19 ,19.29 
11.32 ,2.58 
8.87 ,17.93 
16.99 ,1.64 
4.31 ,9.81 
4.91 ,14.89 
7.87 ,0.18 
11.43 ,19.87 
17.87 ,3.14 
4.87 ,1.82 
10.80 ,4.07 
4.02 ,19.03 
15.71 ,15.86 
2.51 ,0.03 
16.75 ,17.88 
19.58 ,4.94 
17.31 ,9.70 
13.18 ,7.28 
15.33 ,5.34 
10.68 ,13.79 
0.73 ,10.74 
9.14 ,9.10 
17.64 ,4.01 
19.63 ,17.43 
3.24 ,2.94 
3.48 ,13.13 
18.83 ,14.27 
19.59 ,8.67 
5.83 ,18.47 
14.48 ,1.45 
4.23 ,17.24 
19.67 ,19.48 
10.47 ,8.20 
7.49 ,7.60 
8.57 ,1.90 
1.38 ,5.44 
0.89 ,3.69 
19.18 ,5.66 
12.45 ,16.35 
8.40 ,0.56 
17.29 ,6.16 
16.50 ,15.85 
17.01 ,13.57 
5.95 ,19.81 
12.85 ,17.99 
1.72 ,1.66 
6.35 ,13.71 
13.41 ,0.49 
0.83 ,0.72 
18.74 ,1.15 
4.47 ,4.53 
1.32 ,14.60 
4.27 ,13.76 
19.50 ,12.93 
15.67 ,15.62 
7.88 ,19.40 
14.90 ,6.93 
12.55 ,7.36 
7.45 ,3.86 
4.39 ,3.97 
15.21 ,15.54 
1.47 ,15.45 
3.20 ,7.24 
16.46 ,3.28 
14.82 ,17.36 
7.18 ,2.45 
7.33 ,6.72 
16.50 ,10.06 
12.71 ,9.65 
2.58 ,0.80 
0.52 ,9.50 
6.09 ,14.86 
16.45 ,2.70 
2.15 ,11.89 
14.20 ,6.09 
19.07 ,9.25 
13.12 ,12.17 
5.31 ,15.90 
11.51 ,8.75 
0.35 ,10.19 
12.64 ,5.94 
4.20 ,8.67 
8.51 ,14.91 
3.50 ,2.28 
5.63 ,12.95 
18.77 ,2.05 
11.91 ,14.20 
6.14 ,17.08 
12.55 ,17.28 
17.79 ,16.28 
10.55 ,17.01 
5.07 ,19.49 
10.90 ,18.27 
11.96 ,8.87 
14.65 ,3.99 
9.20 ,9.33 
10.99 ,4.64 
3.49 ,4.96 
17.13 ,11.37 
15.39 ,8.53 
19.57 ,15.85 
18.99 ,13.65 
12.04 ,18.78 
14.48 ,7.82 
9.50 ,1.01 
15.41 ,5.13 
10.62 ,5.49 
10.35 ,0.39 
2.51 ,9.55 
6.49 ,18.58 
4.28 ,5.94 
15.14 ,14.20 
17.83 ,2.97 
2.81 ,7.36 
1.99 ,8.21 
0.78 ,3.04 
3.73 ,2.13 
13.67 ,17.81 
15.55 ,18.16 
3.05 ,9.89 
8.78 ,6.00 
18.84 ,9.76 
7.78 ,4.73 
2.74 ,17.59 
10.37 ,18.59 
0.46 ,10.85 
14.70 ,1.32 
5.30 ,7.21 
18.54 ,5.06 
11.14 ,17.35 
12.95 ,5.72 
9.80 ,17.96 
15.26 ,12.64 
0.09 ,1.95 
17.67 ,1.79 
18.03 ,10.87 
7.19 ,15.46 
16.81 ,16.80 
5.47 ,14.92 
13.94 ,9.68 
13.95 ,13.40 
17.77 ,8.11 
0.87 ,13.56 
12.34 ,10.34 
17.16 ,13.57 
4.66 ,19.77 
2.80 ,19.17 
13.61 ,11.41 
2.65 ,15.97 
3.35 ,19.26 
1.36 ,16.92 
5.46 ,14.91 
3.95 ,7.84 
19.23 ,2.80 
13.02 ,0.60 
19.41 ,10.18 
18.99 ,14.00 
9.78 ,3.64 
6.95 ,6.66 
8.41 ,14.21 
0.68 ,15.93 
4.09 ,16.56 
6.72 ,9.72 
14.67 ,16.37 
16.38 ,5.02 
9.49 ,10.60 
12.88 ,10.99 
6.66 ,15.41 
11.30 ,9.69 
12.04 ,12.22 
3.73 ,14.31 
19.14 ,2.73 
4.82 ,16.47 
12.91 ,11.66 
3.54 ,0.34 
18.77 ,14.95 
18.66 ,11.39 
13.44 ,0.61 
11.79 ,5.52 
6.93 ,15.67 
1.10 ,8.53 
18.25 ,9.06 
4.01 ,4.66 
14.35 ,18.83 
2.07 ,19.79 
4.68 ,15.83 
14.63 ,5.23 
16.36 ,9.82 
0.53 ,6.60 
1.75 ,11.82 
19.03 ,12.91 
1.36 ,10.77 
2.62 ,16.59 
5.62 ,15.36 
11.30 ,15.07 
7.87 ,12.11 
1.31 ,4.23 
1.22 ,14.33 
10.15 ,15.27 
15.66 ,19.97 
3.34 ,4.35 
10.13 ,10.69 
0.02 ,18.31 
6.79 ,13.84 
15.59 ,15.43 
17.41 ,19.94 
18.93 ,11.27 
9.30 ,0.81 
17.70 ,14.89 
14.75 ,5.54 
7.64 ,7.68 
4.55 ,7.44 
5.34 ,10.80 
0.25 ,6.95 
3.87 ,10.17 
3.53 ,2.71 
2.36 ,4.12 
12.64 ,2.39 
8.97 ,11.64 
3.45 ,18.75 
0.91 ,1.53 
12.56 ,6.77 
8.93 ,6.23 
19.89 ,6.08 
12.97 ,15.04 
6.23 ,5.02 
10.55 ,11.60 
14.65 ,2.36 
9.28 ,2.99 
11.80 ,15.45 
7.89 ,6.75 
9.68 ,8.48 
13.07 ,14.87 
13.42 ,5.71 
11.97 ,14.57 
5.38 ,15.72 
19.58 ,19.34 
7.21 ,5.46 
5.51 ,15.64 
8.04 ,13.50 
16.52 ,6.82 
14.94 ,14.73 
4.71 ,8.29 
16.91 ,5.94 
2.06 ,5.99 
3.30 ,5.24 
8.39 ,14.01 
1.62 ,11.52 
6.70 ,2.45 
4.49 ,2.12 
3.37 ,1.02 
7.48 ,2.73 
8.80 ,15.73 
18.01 ,2.62 
8.81 ,11.24 
17.11 ,19.90 
16.81 ,10.65 
9.34 ,11.12 
4.14 ,7.62 
5.46 ,17.05 
8.05 ,0.31 
12.18 ,8.10 
14.40 ,9.82 
13.82 ,4.39 
8.05 ,13.12 
13.17 ,8.81 
5.61 ,5.08 
5.86 ,1.90 
2.83 ,16.81 
14.20 ,1.36 
5.12 ,2.76 
19.26 ,2.21 
6.95 ,5.02 
1.58 ,19.76 
4.99 ,18.66 
7.98 ,6.13 
1.72 ,8.50 
3.83 ,19.21 
3.24 ,17.75 
9.80 ,7.34 
13.32 ,1.23 
1.24 ,5.41 
1.69 ,0.11 
18.80 ,6.67 
16.31 ,17.19 
19.83 ,5.42 
16.36 ,7.85 
9.82 ,4.79 
1.76 ,16.59 
15.83 ,3.12 
6.41 ,1.43 
1.97 ,14.48 
3.05 ,13.72 
18.92 ,18.25 
19.96 ,13.04 
15.82 ,15.43 
10.53 ,10.61 
14.29 ,6.20 
16.98 ,15.71 
11.70 ,11.50 
5.28 ,0.77 
3.04 ,11.62 
7.43 ,10.82 
18.25 ,1.18 
3.83 ,16.40 
3.95 ,4.37 
17.58 ,2.48 
17.72 ,15.32 
9.68 ,17.97 
16.67 ,19.68 
7.44 ,13.33 
18.85 ,13.43 
11.69 ,8.13 
1.96 ,2.70 
14.75 ,12.05 
1.61 ,4.73 
9.35 ,14.04 
17.71 ,9.18 
9.53 ,0.50 
0.02 ,13.23 
17.42 ,8.78 
11.18 ,0.13 
17.18 ,14.23 
16.79 ,12.96 
11.92 ,19.59 
16.99 ,5.39 
2.53 ,19.05 
8.87 ,9.39 
1.17 ,5.84 
18.23 ,17.47 
7.31 ,18.29 
0.15 ,9.96 
14.29 ,9.65 
17.26 ,8.33 
9.51 ,13.61 
6.39 ,17.38 
18.48 ,13.12 
0.30 ,17.64 
17.80 ,17.70 
13.73 ,12.34 
11.42 ,8.31 
8.65 ,7.77 
12.82 ,4.28 
8.67 ,2.74 
12.46 ,14.27 
19.97 ,3.78 
17.55 ,10.67 
8.96 ,11.42 
3.16 ,10.40 
6.32 ,1.81 
16.43 ,5.50 
19.00 ,14.17 
13.17 ,14.68 
16.12 ,1.90 
2.54 ,19.50 
0.68 ,15.09 
7.42 ,17.52 
7.64 ,4.93 
12.76 ,11.52 
13.59 ,3.16 
11.92 ,18.64 
14.88 ,4.14 
13.80 ,14.19 
10.24 ,18.38 
15.34 ,10.64 
19.08 ,8.32 
14.91 ,0.30 
9.89 ,0.80 
10.83 ,10.35 
8.36 ,14.80 
6.08 ,17.20 
12.04 ,14.95 
0.16 ,17.35 
6.46 ,5.77 
18.19 ,6.51 
18.92 ,16.38 
13.09 ,17.55 
16.41 ,12.14 
3.90 ,19.89 
5.23 ,17.71 
17.28 ,3.66 
17.10 ,14.14 
17.53 ,4.30 
13.92 ,12.47 
18.02 ,5.00 
3.24 ,18.40 
13.16 ,12.82 
5.38 ,3.40 
13.15 ,3.11 
3.16 ,16.16 
19.47 ,18.67 
3.27 ,12.58 
19.95 ,5.53 
3.51 ,4.65 
5.18 ,9.90 
9.18 ,15.53 
9.47 ,19.11 
3.04 ,12.51 
2.06 ,0.41 
12.12 ,7.33 
1.92 ,12.60 
8.20 ,9.23 
19.50 ,5.86 
16.11 ,5.46 
19.68 ,5.77 
6.63 ,8.52 
1.79 ,15.51 
14.25 ,18.52 
2.41 ,16.24 
3.67 ,4.14 
13.11 ,19.42 
2.93 ,4.24 
14.10 ,19.20 
13.11 ,8.04 
2.14 ,3.78 
14.51 ,6.38 
18.05 ,5.90 
16.84 ,8.94 
4.13 ,8.97 
7.60 ,6.83 
7.27 ,15.43 
7.45 ,4.48 
7.77 ,6.16 
16.12 ,17.99 
9.17 ,10.47 
13.85 ,4.02 
19.79 ,17.96 
15.43 ,6.47 
19.01 ,11.79 
7.44 ,12.94 
14.30 ,2.75 
8.40 ,13.54 
9.05 ,15.49 
5.34 ,9.43 
10.68 ,10.96 
6.42 ,0.59 
4.49 ,17.04 
19.68 ,8.13 
7.47 ,11.64 
4.46 ,6.85 
11.71 ,18.60 
5.27 ,15.41 
2.81 ,1.92 
2.22 ,0.19 
7.47 ,4.02 
16.98 ,6.23 
18.33 ,8.28 
10.80 ,14.38 
17.54 ,7.61 
9.28 ,6.44 
9.81 ,14.81 
16.02 ,12.46 
19.32 ,3.06 
2.08 ,12.34 
16.90 ,12.84 
5.49 ,8.94 
4.27 ,11.93 
12.60 ,5.19 
11.39 ,4.55 
13.22 ,13.72 
7.65 ,8.61 
16.51 ,3.49 
4.88 ,2.97 
14.63 ,19.63 
3.94 ,8.40 
11.46 ,1.72 
4.14 ,10.31 
18.51 ,18.89 
9.63 ,12.57 
10.63 ,7.60 
18.83 ,14.28 
6.59 ,2.86 
11.89 ,3.20 
10.01 ,12.66 
11.93 ,8.16 
14.81 ,19.46 
17.97 ,19.26 
2.83 ,18.28 
18.51 ,15.70 
19.39 ,12.01 
4.88 ,4.44 
4.74 ,7.37 
9.58 ,19.35 
16.20 ,17.63 
16.81 ,5.30 
1.77 ,18.92 
2.09 ,18.68 
16.81 ,2.02 
16.23 ,19.79 
16.40 ,19.38 
3.68 ,14.11 
4.90 ,3.55 
10.13 ,18.22 
15.40 ,9.91 
7.32 ,16.88 
12.17 ,7.78 
3.13 ,1.11 
8.51 ,4.14 
19.32 ,5.72 
0.26 ,18.52 
3.57 ,15.59 
4.97 ,9.00 
7.29 ,10.27 
16.63 ,3.19 
2.06 ,7.01 
6.99 ,15.32 
0.84 ,1.93 
14.92 ,13.42 
17.39 ,2.19 
12.17 ,13.88 
3.28 ,9.78 
11.43 ,3.15 
8.49 ,7.42 
17.92 ,17.48 
13.90 ,8.22 
10.46 ,13.54 
0.97 ,11.63 
7.04 ,16.29 
10.60 ,7.50 
9.58 ,1.41 
9.33 ,13.51 
7.83 ,8.35 
17.54 ,17.84 
6.75 ,13.25 
1.31 ,0.42 
5.24 ,9.74 
6.78 ,2.22 
16.41 ,1.02 
6.20 ,17.37 
3.86 ,10.99 
17.57 ,4.51 
7.45 ,5.29 
13.68 ,6.41 
2.16 ,8.51 
15.82 ,16.26 
16.91 ,4.82 
14.05 ,10.26 
0.73 ,13.83 
1.34 ,11.57 
10.76 ,15.17 
6.80 ,4.08 
6.32 ,2.23 
5.46 ,8.66 
17.33 ,17.96 
17.08 ,7.10 
4.11 ,1.71 
19.51 ,13.56 
9.68 ,3.12 
10.86 ,17.11 
15.75 ,8.68 
12.47 ,6.53 
12.64 ,8.11 
4.62 ,7.96 
17.02 ,16.33 
10.20 ,11.66 
6.38 ,11.11 
13.68 ,18.56 
13.25 ,19.37 
3.21 ,7.22 
6.84 ,4.74 
8.25 ,15.69 
0.51 ,5.64 
3.95 ,2.51 
9.90 ,17.02 
9.20 ,16.87 
18.67 ,19.37 
19.29 ,8.05 
4.79 ,8.06 
0.72 ,14.95 
15.93 ,0.79 
17.38 ,6.02 
15.73 ,19.21 
0.84 ,16.72 
4.58 ,9.85 
1.47 ,14.45 
9.56 ,2.21 
1.48 ,4.84 
5.46 ,12.78 
15.74 ,2.77 
10.16 ,13.11 
3.27 ,8.50 
2.57 ,18.63 
17.75 ,18.92 
6.61 ,13.46 
10.54 ,0.54 
1.98 ,14.16 
14.04 ,19.66 
11.59 ,3.23 
8.73 ,7.10 
18.76 ,14.93 
18.49 ,6.28 
14.70 ,17.00 
2.85 ,1.63 
13.90 ,11.77 
18.58 ,7.12 
11.44 ,0.99 
14.79 ,0.37 
4.47 ,14.80 
0.75 ,19.72 
19.93 ,9.77 
9.17 ,14.23 
6.75 ,18.70 
13.86 ,8.96 
10.72 ,11.88 
7.65 ,19.98 
2.06 ,17.33 
2.59 ,9.18 
17.05 ,10.26 
16.22 ,14.11 
13.21 ,18.21 
19.26 ,0.31 
6.18 ,10.99 
4.87 ,19.07 
9.24 ,0.07 
15.81 ,6.19 
16.32 ,0.09 
9.27 ,16.71 
5.38 ,9.37 
13.21 ,4.28 
10.23 ,16.10 
11.78 ,6.36 
1.29 ,12.49 
12.53 ,7.71 
19.35 ,1.22 
4.78 ,1.21 
16.84 ,7.35 
9.32 ,12.10 
0.77 ,3.80 
7.83 ,12.59 
3.31 ,8.61 
8.69 ,13.05 
17.54 ,0.38 
5.24 ,10.91 
14.47 ,16.26 
4.50 ,16.71 
0.89 ,2.62 
14.44 ,11.36 
6.72 ,10.31 
2.46 ,4.38 
17.30 ,10.01 
2.62 ,4.77 
1.52 ,7.18 
0.03 ,12.68 
9.89 ,17.36 
9.08 ,14.06 
12.67 ,4.57 
1.46 ,19.32 
14.81 ,19.14 
4.02 ,3.03 
3.11 ,14.78 
7.46 ,11.05 
5.23 ,11.47 
0.11 ,14.30 
19.70 ,15.17 
13.84 ,5.87 
18.91 ,14.47 
13.98 ,2.57 
10.96 ,4.73 
16.86 ,15.54 
4.38 ,0.21 
4.41 ,17.44 
4.68 ,15.72 
11.06 ,10.69 
0.08 ,5.54 
1.61 ,10.40 
4.58 ,12.24 
11.21 ,8.23 
11.22 ,12.99 
15.12 ,13.54 
17.29 ,11.90 
16.42 ,14.03 
14.95 ,4.87 
6.44 ,8.04 
14.10 ,16.74 
10.23 ,14.70 
4.52 ,15.19 
13.27 ,11.41 
10.94 ,17.13 
3.16 ,0.86 
7.67 ,2.38 
4.98 ,8.03 
13.80 ,14.00 
8.05 ,7.24 
15.25 ,6.80 
0.28 ,2.99 
11.36 ,9.77 
0.87 ,5.55 
1.35 ,16.37 
7.25 ,12.57 
16.70 ,7.79 
8.28 ,4.51 
7.21 ,10.70 
3.16 ,9.43 
9.43 ,2.90 
19.29 ,5.89 
3.73 ,8.44 
15.85 ,1.50 
6.12 ,8.77 
2.97 ,18.44 
15.51 ,18.59 
17.26 ,16.22 
10.42 ,3.66 
18.91 ,17.19 
14.04 ,9.04 
15.28 ,9.36 
11.73 ,15.84 
2.31 ,6.85 
13.24 ,16.53 
11.56 ,5.41 
10.72 ,18.74 
18.12 ,9.76 
16.44 ,9.24 
18.62 ,10.71 
13.20 ,18.32 
0.44 ,2.31 
14.97 ,9.07 
5.43 ,8.52 
3.08 ,0.56 
5.63 ,6.17 
0.83 ,7.28 
12.63 ,18.42 
4.67 ,18.79 
10.43 ,14.44 
5.64 ,15.61 
12.22 ,13.94 
12.64 ,6.38 
6.48 ,0.29 
7.84 ,10.93 
2.85 ,11.51 
11.62 ,5.29 
7.33 ,10.70 
15.63 ,17.18 
14.47 ,16.02 
2.27 ,9.09 
10.65 ,16.12 
2.23 ,15.65 
0.20 ,4.37 
1.55 ,13.68 
19.59 ,4.15 
9.28 ,3.75 
3.81 ,6.90 
11.85 ,1.10 
6.14 ,10.12 
6.65 ,9.04 
11.11 ,8.68 
17.72 ,9.50 
18.99 ,13.05 
14.73 ,0.14 
14.61 ,9.46 
3.20 ,11.89 
15.34 ,4.84 
8.50 ,1.14 
14.48 ,3.63 
12.88 ,6.98 
14.16 ,9.66 
6.16 ,14.60 
18.77 ,11.61 
9.04 ,12.26 
13.85 ,16.18 
18.01 ,18.01 
20.00 ,5.71 
11.77 ,2.81 
3.47 ,19.79 
11.72 ,5.39 
2.99 ,7.22 
7.84 ,3.98 
3.97 ,6.31 
1.85 ,14.30 
4.33 ,2.58 
19.35 ,13.15 
9.29 ,9.72 
19.61 ,6.59 
19.96 ,17.97 
14.81 ,15.01 
4.87 ,14.06 
3.66 ,1.06 
16.14 ,1.92 
1.37 ,13.45 
18.80 ,7.79 
14.61 ,5.76 
13.64 ,2.31 
14.58 ,7.01 
8.08 ,11.61 
7.12 ,11.88 
13.83 ,14.64 
9.08 ,2.91 
3.98 ,12.48 
3.03 ,10.86 
17.22 ,11.44 
7.89 ,15.39 
2.41 ,12.94 
12.68 ,2.10 
4.88 ,5.10 
7.25 ,10.18 
11.78 ,14.00 
6.80 ,15.53 
11.95 ,8.16 
12.10 ,15.39 
19.36 ,11.71 
17.82 ,16.03 
10.23 ,15.92 
0.10 ,13.32 
12.56 ,12.35 
18.89 ,13.35 
7.83 ,0.28 
18.14 ,16.30 
12.25 ,0.96 
0.12 ,15.49 
1.55 ,16.61 
6.20 ,1.18 
18.51 ,5.08 
12.43 ,5.59 
15.03 ,19.88 
12.51 ,9.49 
2.06 ,1.71 
6.09 ,17.88 
17.79 ,6.61 
13.41 ,9.70 
18.35 ,3.18 
3.44 ,5.52 
7.94 ,3.85 
9.42 ,11.94 
15.62 ,4.44 
6.72 ,13.14 
6.68 ,4.94 
3.48 ,6.99 
12.72 ,16.92 
14.64 ,14.46 
5.35 ,17.90 
1.78 ,18.48 
7.64 ,14.56 
6.63 ,8.83 
1.70 ,8.20 
13.89 ,14.63 
7.22 ,3.97 
11.26 ,5.00 
8.70 ,2.86 
1.28 ,0.49 
8.32 ,0.39 
11.89 ,18.87 
7.88 ,9.27 
6.85 ,11.19 
6.67 ,6.72 
0.17 ,7.60 
12.17 ,13.83 
2.40 ,18.70 
14.46 ,4.84 
8.18 ,11.74 
4.72 ,13.80 
15.23 ,11.88 
18.89 ,11.68 
14.51 ,16.03 
14.75 ,8.17 
17.34 ,7.45 
16.13 ,7.50 
4.25 ,0.60 
19.96 ,2.79 
4.46 ,18.94 
3.60 ,9.69 
18.58 ,5.36 
3.85 ,4.36 
1.22 ,14.19 
12.82 ,5.89 
13.18 ,15.26 
14.79 ,4.87 
7.18 ,15.74 
12.01 ,12.59 
17.89 ,12.88 
12.66 ,5.58 
9.45 ,4.19 
11.63 ,16.09 
9.84 ,17.91 
0.20 ,8.35 
12.70 ,6.31 
0.73 ,2.16 
15.76 ,5.55 
9.14 ,2.22 
18.39 ,1.96 
4.85 ,16.07 
5.58 ,1.48 
2.03 ,13.87 
1.36 ,16.63 
3.03 ,3.16 
4.79 ,6.57 
0.11 ,17.68 
6.69 ,1.28 
5.83 ,16.32 
19.04 ,1.79 
3.74 ,19.74 
12.57 ,15.50 
15.47 ,0.84 
9.20 ,1.39 
9.90 ,16.30 
1.22 ,19.60 
8.24 ,4.80 
15.18 ,5.06 
15.62 ,6.89 
15.99 ,14.42 
4.16 ,18.11 
18.83 ,10.80 
17.57 ,18.18 
12.92 ,4.24 
17.34 ,9.34 
12.35 ,6.69 
6.31 ,1.57 
2.03 ,0.37 
2.67 ,18.98 
19.24 ,4.12 
17.76 ,5.43 
3.52 ,10.27 
15.33 ,15.98 
18.63 ,12.61 
13.27 ,6.49 
14.95 ,3.38 
2.04 ,17.15 
11.17 ,11.75 
0.23 ,4.38 
13.88 ,18.44 
12.43 ,2.05 
15.69 ,11.58 
9.65 ,16.66 
18.28 ,7.34 
11.84 ,1.67 
8.13 ,3.27 
9.50 ,10.43 
1.54 ,12.03 
17.89 ,6.79 
7.80 ,16.94 
10.91 ,7.58 
4.35 ,0.79 
14.56 ,10.57 
14.42 ,6.31 
2.36 ,13.07 
16.45 ,18.42 
12.28 ,11.42 
11.43 ,6.47 
1.48 ,15.30 
7.38 ,2.36 
18.80 ,7.72 
3.18 ,9.97 
16.54 ,6.97 
17.34 ,2.66 
17.91 ,17.09 
2.91 ,0.84 
14.14 ,19.12 
6.63 ,5.17 
8.06 ,17.22 
6.85 ,14.13 
13.70 ,16.71 
2.32 ,12.43 
9.21 ,10.04 
0.25 ,3.28 
14.59 ,7.93 
9.38 ,1.42 
9.50 ,0.25 
2.57 ,7.39 
14.62 ,8.22 
14.56 ,5.29 
18.29 ,13.65 
14.27 ,12.01 
10.17 ,13.85 
0.36 ,8.04 
9.15 ,8.22 
6.72 ,13.72 
2.12 ,18.12 
11.30 ,9.07 
9.11 ,2.16 
7.29 ,6.83 
11.49 ,10.82 
18.34 ,9.48 
19.02 ,17.26 
16.17 ,9.69 
17.58 ,13.18 
11.47 ,12.71 
5.85 ,2.48 
1.71 ,1.27 
9.66 ,5.80 
4.18 ,6.56 
5.79 ,6.23 
12.53 ,0.45 
5.46 ,4.36 
3.98 ,12.21 
19.65 ,15.24 
15.12 ,5.85 
2.12 ,7.31 
4.24 ,1.97 
4.23 ,2.30 
15.12 ,3.85 
9.31 ,16.54 
10.02 ,15.57 
18.91 ,5.38 
16.45 ,11.28 
14.27 ,0.33 
4.26 ,15.17 
19.60 ,12.56 
2.00 ,6.28 
13.72 ,18.46 
8.79 ,18.73 
14.81 ,17.88 
13.04 ,10.20 
9.74 ,5.33 
5.64 ,18.35 
10.87 ,14.85 
3.13 ,0.89 
19.75 ,13.21 
19.31 ,18.06 
8.35 ,3.58 
5.48 ,16.25 
3.67 ,18.53 
13.03 ,15.56 
18.12 ,14.30 
10.30 ,3.68 
15.68 ,1.93 
18.93 ,15.16 
3.21 ,17.90 
16.31 ,20.00 
14.06 ,13.03 
16.30 ,12.57 
16.96 ,17.10 
6.67 ,16.82 
4.07 ,6.10 
16.21 ,14.54 
6.76 ,13.26 
4.55 ,13.03 
8.85 ,2.32 
18.18 ,8.84 
12.42 ,10.37 
19.50 ,10.60 
9.56 ,8.49 
14.75 ,17.06 
0.35 ,3.89 
19.57 ,1.53 
15.21 ,6.31 
16.73 ,18.28 
5.09 ,11.24 
0.28 ,16.48 
16.80 ,6.39 
18.12 ,18.13 
1.53 ,14.35 
1.68 ,6.84 
2.54 ,9.35 
9.85 ,2.89 
6.64 ,10.80 
2.04 ,12.66 
13.26 ,0.26 
7.26 ,7.08 
18.11 ,12.94 
16.81 ,3.95 
8.21 ,1.14 
1.40 ,19.47 
17.62 ,11.52 
2.11 ,2.66 
12.26 ,6.77 
2.16 ,9.32 
15.97 ,19.98 
12.58 ,16.32 
14.45 ,13.42 
10.70 ,11.31 
14.59 ,8.30 
9.49 ,17.51 
18.50 ,12.00 
14.46 ,11.35 
16.90 ,0.72 
9.06 ,7.15 
7.59 ,1.48 
12.57 ,13.25 
0.06 ,3.46 
7.22 ,3.30 
15.18 ,9.91 
12.95 ,7.82 
3.25 ,11.91 
17.81 ,3.76 
2.88 ,6.88 
16.33 ,1.88 
2.59 ,12.59 
15.71 ,14.73 
15.77 ,17.95 
19.53 ,6.53 
7.71 ,15.29 
9.53 ,18.88 
0.96 ,6.58 
4.40 ,17.89 
5.45 ,11.64 
9.74 ,5.58 
8.13 ,6.66 
9.75 ,1.09 
5.26 ,14.19 
15.73 ,7.57 
19.41 ,11.05 
0.13 ,13.89 
0.06 ,9.06 
0.89 ,14.51 
10.64 ,7.83 
1.94 ,3.58 
9.92 ,5.77 
17.51 ,0.30 
18.09 ,8.95 
16.15 ,15.49 
18.33 ,4.07 
19.37 ,15.00 
12.30 ,5.48 
0.16 ,15.41 
2.77 ,13.28 
9.98 ,15.35 
12.39 ,2.22 
12.97 ,2.07 
10.32 ,11.29 
16.86 ,18.08 
14.63 ,11.81 
13.96 ,17.40 
14.78 ,0.91 
14.91 ,16.52 
14.08 ,4.75 
10.66 ,8.96 
16.90 ,17.10 
6.47 ,5.43 
14.77 ,12.07 
3.26 ,10.52 
18.07 ,16.48 
7.93 ,2.79 
11.93 ,17.51 
6.37 ,14.08 
16.68 ,15.35 
10.62 ,9.82 
9.79 ,1.96 
18.99 ,2.66 
18.80 ,3.01 
12.40 ,16.64 
18.90 ,5.50 
9.40 ,4.05 
1.61 ,2.06 
15.36 ,1.95 
3.16 ,0.01 
15.72 ,5.99 
11.40 ,13.26 
12.60 ,4.46 
0.83 ,10.67 
13.37 ,17.31 
14.83 ,4.43 
9.34 ,9.92 
8.30 ,4.11 
7.22 ,6.81 
10.11 ,3.52 
3.18 ,14.52 
11.57 ,12.92 
0.20 ,18.48 
13.48 ,4.54 
13.97 ,11.80 
10.14 ,8.93 
13.06 ,4.59 
2.97 ,8.93 
14.47 ,8.85 
11.72 ,5.96 
19.55 ,6.89 
17.46 ,16.10 
1.82 ,18.99 
6.01 ,2.27 
3.70 ,7.76 
18.70 ,17.99 
9.55 ,8.16 
8.24 ,2.76 
10.87 ,7.17 
5.10 ,8.19 
9.50 ,13.09 
14.88 ,19.86 
11.14 ,15.95 
17.56 ,3.41 
11.52 ,10.26 
15.05 ,17.79 
4.61 ,17.39 
13.98 ,7.55 
3.54 ,5.17 
14.43 ,0.02 
4.97 ,13.06 
17.69 ,12.21 
3.50 ,6.57 
1.94 ,0.89 
11.18 ,8.66 
1.04 ,7.06 
6.11 ,11.67 
3.26 ,15.70 
12.44 ,8.02 
15.92 ,2.85 
11.06 ,9.16 
17.76 ,15.24 
3.02 ,11.23 
3.88 ,5.33 
0.18 ,4.64 
1.22 ,4.48 
11.47 ,3.59 
2.62 ,11.22 
11.32 ,6.17 
11.18 ,18.22 
9.92 ,4.76 
15.95 ,4.35 
15.34 ,8.25 
16.25 ,6.29 
2.65 ,18.02 
14.01 ,2.78 
0.61 ,14.25 
1.13 ,12.34 
15.48 ,5.68 
17.30 ,17.33 
19.91 ,8.23 
18.72 ,14.01 
8.58 ,11.46 
3.96 ,7.93 
17.76 ,14.19 
7.36 ,15.01 
4.92 ,10.11 
0.66 ,4.40 
16.90 ,3.35 
7.17 ,8.22 
2.53 ,8.09 
17.43 ,9.70 
3.05 ,12.63 
13.69 ,7.73 
3.29 ,1.87 
4.57 ,4.93 
0.99 ,9.32 
18.89 ,19.71 
1.28 ,3.63 
7.41 ,14.55 
18.80 ,2.05 
14.14 ,16.72 
10.74 ,19.43 
9.27 ,12.29 
1.22 ,14.20 
13.09 ,17.23 
4.10 ,13.03 
18.12 ,6.71 
17.10 ,15.13 
12.81 ,3.20 
12.64 ,3.48 
0.33 ,1.06 
12.66 ,8.41 
15.82 ,16.81 
5.02 ,10.11 
15.10 ,12.92 
18.88 ,2.66 
6.57 ,14.22 
0.55 ,2.21 
14.42 ,16.94 
11.74 ,3.14 
19.53 ,1.69 
0.78 ,9.88 
3.67 ,6.25 
0.93 ,2.35 
19.09 ,5.80 
11.29 ,5.26 
6.86 ,4.30 
13.61 ,19.69 
10.28 ,14.27 
4.16 ,2.62 
8.42 ,18.01 
7.77 ,18.34 
11.46 ,3.89 
13.85 ,15.96 
11.03 ,4.87 
7.35 ,9.85 
2.91 ,11.87 
13.33 ,16.94 
16.33 ,0.08 
13.53 ,16.81 
9.31 ,0.43 
9.42 ,0.19 
2.63 ,4.62 
1.42 ,18.43 
9.51 ,4.21 
7.94 ,19.73 
4.12 ,18.50 
0.36 ,10.77 
6.92 ,19.66 
10.92 ,1.44 
17.98 ,6.35 
10.76 ,3.26 
13.35 ,10.86 
1.90 ,11.38 
13.67 ,0.42 
4.10 ,1.93 
8.94 ,4.22 
18.12 ,2.67 
0.44 ,5.39 
18.13 ,6.88 
19.00 ,18.22 
10.18 ,16.85 
0.69 ,8.12 
8.86 ,13.82 
16.18 ,14.74 
2.85 ,10.52 
17.59 ,4.01 
11.76 ,12.33 
13.14 ,19.87 
5.37 ,16.53 
16.58 ,11.63 
3.81 ,16.22 
13.26 ,19.58 
3.21 ,3.09 
11.90 ,19.54 
15.24 ,18.00 
13.65 ,5.33 
13.57 ,14.02 
4.38 ,11.57 
9.82 ,10.04 
12.18 ,4.93 
18.87 ,5.49 
7.53 ,3.32 
0.81 ,16.36 
2.09 ,3.51 
12.41 ,0.95 
5.85 ,12.45 
12.13 ,8.67 
6.78 ,11.30 
1.88 ,10.13 
4.06 ,8.88 
6.38 ,3.23 
6.21 ,2.74 
15.84 ,12.56 
0.37 ,13.27 
10.72 ,13.67 
2.80 ,14.33 
0.18 ,7.18 
10.63 ,1.53 
4.99 ,11.39 
11.71 ,5.89 
5.67 ,15.98 
14.72 ,6.87 
9.22 ,8.80 
9.35 ,10.81 
9.83 ,0.74 
4.54 ,15.78 
3.81 ,16.01 
6.09 ,0.39 
4.29 ,1.09 
0.62 ,9.55 
17.57 ,0.75 
11.08 ,15.79 
9.46 ,5.37 
0.95 ,7.17 
13.52 ,17.23 
17.84 ,15.17 
14.06 ,0.65 
17.84 ,15.20 
18.92 ,2.65 
14.12 ,5.99 
14.71 ,16.27 
13.07 ,14.58 
5.93 ,18.20 
17.55 ,4.96 
12.11 ,13.18 
16.37 ,8.02 
1.07 ,1.62 
6.84 ,5.60 
12.05 ,1.33 
14.51 ,6.51 
10.43 ,4.37 
1.47 ,5.59 
9.79 ,6.45 
14.12 ,5.24 
5.17 ,10.00 
3.00 ,18.42 
3.03 ,12.27 
5.08 ,8.95 
15.25 ,2.93 
19.93 ,12.28 
3.54 ,14.34 
11.34 ,6.24 
5.36 ,1.33 
8.41 ,15.53 
8.02 ,5.47 
16.18 ,9.36 
19.49 ,8.98 
5.50 ,10.31 
7.92 ,10.49 
7.45 ,4.83 
19.09 ,11.04 
11.94 ,10.16 
19.94 ,4.75 
16.95 ,1.31 
4.89 ,19.92 
6.02 ,1.78 
17.52 ,1.04 
2.93 ,6.97 
14.42 ,12.25 
12.53 ,14.68 
4.40 ,19.96 
18.29 ,2.60 
11.68 ,15.64 
10.51 ,12.15 
14.50 ,1.71 
2.33 ,4.39 
5.48 ,8.52 
7.13 ,18.65 
17.19 ,10.60 
11.74 ,12.84 
11.20 ,8.76 
10.59 ,13.34 
15.38 ,4.62 
4.12 ,19.04 
1.93 ,5.99 
1.99 ,5.77 
11.96 ,7.43 
8.77 ,12.22 
18.25 ,5.85 
8.58 ,19.45 
16.61 ,10.95 
18.83 ,8.93 
4.08 ,13.18 
8.08 ,5.51 
15.24 ,2.63 
6.78 ,9.01 
11.37 ,0.98 
9.88 ,14.71 
0.31 ,12.90 
13.23 ,4.60 
11.51 ,17.71 
3.01 ,15.29 
1.87 ,18.89 
2.67 ,16.43 
18.61 ,9.49 
10.22 ,18.41 
18.47 ,2.11 
10.02 ,3.45 
18.40 ,1.97 
9.44 ,15.12 
12.81 ,18.68 
8.89 ,2.13 
10.17 ,0.24 
18.94 ,14.95 
14.53 ,5.25 
1.33 ,15.48 
4.11 ,3.69 
8.32 ,15.47 
7.38 ,12.38 
12.00 ,14.05 
15.10 ,18.36 
0.51 ,17.29 
16.10 ,4.40 
8.50 ,15.32 
19.06 ,0.28 
10.78 ,7.79 
15.27 ,17.77 
13.19 ,4.12 
2.81 ,0.64 
12.89 ,19.06 
1.42 ,14.82 
4.90 ,4.92 
7.95 ,11.56 
0.72 ,7.39 
0.87 ,18.76 
2.94 ,3.92 
5.99 ,19.08 
10.26 ,16.44 
1.17 ,1.10 
1.97 ,11.69 
12.49 ,3.30 
13.11 ,6.27 
19.03 ,18.05 
8.37 ,12.11 
6.22 ,6.61 
18.43 ,15.93 
15.75 ,15.46 
5.43 ,8.81 
13.57 ,17.81 
7.24 ,6.78 
9.64 ,1.82 
17.81 ,16.90 
9.33 ,3.28 
0.98 ,3.66 
11.48 ,4.38 
14.84 ,14.20 
13.29 ,1.75 
13.32 ,7.27 
4.08 ,5.16 
1.35 ,13.46 
3.96 ,0.63 
3.09 ,16.92 
3.92 ,19.47 
18.76 ,15.57 
15.33 ,5.62 
0.20 ,4.94 
2.62 ,12.48 
14.87 ,7.90 
14.54 ,12.30 
7.22 ,6.15 
16.37 ,5.73 
0.98 ,17.55 
19.45 ,7.77 
12.97 ,15.97 
18.44 ,2.01 
4.99 ,7.65 
7.86 ,4.51 
1.13 ,9.39 
1.48 ,15.37 
17.81 ,17.28 
19.13 ,12.42 
19.82 ,3.91 
8.45 ,10.79 
19.77 ,12.33 
13.19 ,2.77 
14.91 ,12.53 
13.13 ,8.22 
3.16 ,9.07 
12.23 ,8.83 
8.66 ,4.90 
12.14 ,4.66 
5.79 ,19.04 
6.22 ,14.41 
14.48 ,4.58 
15.59 ,5.69 
0.65 ,0.63 
8.99 ,18.54 
10.11 ,19.00 
18.54 ,2.56 
10.91 ,9.50 
16.58 ,4.40 
12.46 ,7.91 
7.76 ,14.86 
11.61 ,14.42 
9.48 ,15.38 
15.49 ,18.21 
11.30 ,19.81 
16.42 ,8.58 
3.54 ,3.98 
16.98 ,19.25 
7.65 ,3.69 
18.09 ,15.57 
14.91 ,19.64 
5.55 ,0.89 
8.10 ,3.09 
6.30 ,14.24 
5.23 ,17.62 
1.69 ,12.02 
5.80 ,14.31 
11.75 ,4.16 
19.37 ,7.00 
10.29 ,12.35 
14.77 ,16.71 
18.63 ,1.94 
11.64 ,9.83 
15.65 ,0.59 
12.73 ,1.47 
18.53 ,15.15 
15.00 ,16.20 
12.04 ,8.28 
19.40 ,13.90 
17.11 ,0.76 
5.27 ,6.95 
9.56 ,10.16 
8.65 ,14.63 
7.78 ,15.02 
12.31 ,0.27 
3.05 ,13.51 
1.48 ,17.30 
11.97 ,8.15 
14.45 ,8.15 
9.03 ,12.95 
2.62 ,12.08 
13.96 ,11.62 
4.54 ,19.69 
17.30 ,17.70 
10.37 ,4.25 
11.70 ,16.12 
17.26 ,17.09 
16.14 ,11.01 
4.48 ,7.05 
3.51 ,13.03 
3.34 ,5.16 
17.48 ,9.99 
8.50 ,14.60 
6.49 ,0.15 
3.32 ,0.44 
15.92 ,11.46 
5.87 ,12.08 
6.49 ,3.42 
15.96 ,10.31 
14.18 ,14.42 
6.75 ,18.81 
12.80 ,10.21 
8.25 ,13.37 
18.54 ,1.13 
2.48 ,7.67 
18.87 ,7.12 
8.16 ,6.61 
18.16 ,1.12 
19.44 ,17.61 
15.30 ,10.74 
6.82 ,6.30 
14.06 ,7.20 
6.45 ,19.61 
2.28 ,12.14 
2.04 ,10.52 
19.24 ,9.17 
4.84 ,10.96 
0.10 ,18.57 
10.22 ,18.05 
7.43 ,4.18 
18.86 ,8.03 
8.76 ,14.34 
16.40 ,10.45 
1.49 ,6.99 
7.46 ,2.09 
10.70 ,2.14 
18.05 ,1.48 
18.43 ,17.36 
14.88 ,16.79 
9.09 ,1.08 
17.86 ,11.41 
8.23 ,18.13 
16.22 ,15.83 
0.60 ,7.34 
10.53 ,1.64 
17.90 ,14.74 
15.59 ,16.06 
5.71 ,1.68 
7.57 ,3.39 
10.03 ,2.36 
13.69 ,11.36 
8.41 ,15.47 
1.66 ,6.97 
13.96 ,6.06 
3.96 ,18.71 
2.38 ,8.47 
2.40 ,6.82 
0.88 ,16.45 
0.36 ,13.80 
18.01 ,11.19 
13.17 ,7.78 
7.18 ,17.19 
14.12 ,5.20 
18.10 ,0.78 
1.42 ,4.36 
18.25 ,11.81 
5.29 ,2.04 
12.21 ,1.83 
17.47 ,7.50 
18.59 ,1.49 
7.83 ,2.86 
7.25 ,8.77 
13.13 ,10.53 
4.83 ,14.09 
13.47 ,6.35 
7.82 ,11.08 
1.94 ,18.97 
1.73 ,4.72 
13.00 ,14.98 
10.36 ,12.64 
4.62 ,6.11 
4.62 ,16.42 
2.30 ,18.02 
4.91 ,4.76 
7.61 ,5.77 
16.70 ,12.86 
6.71 ,3.74 
17.57 ,5.69 
8.97 ,1.30 
14.88 ,2.50 
9.84 ,2.54 
8.20 ,0.07 
17.49 ,15.55 
12.82 ,8.54 
1.37 ,18.64 
15.40 ,3.93 
18.33 ,9.71 
18.17 ,10.04 
12.72 ,13.30 
11.50 ,3.88 
12.55 ,8.41 
8.56 ,16.15 
12.27 ,13.22 
9.48 ,14.03 
13.83 ,15.79 
17.42 ,8.32 
3.34 ,18.96 
1.78 ,11.24 
8.29 ,2.82 
12.02 ,2.33 
4.05 ,9.29 
15.85 ,1.96 
11.32 ,1.59 
14.76 ,17.96 
8.74 ,2.24 
13.58 ,1.07 
7.46 ,19.06 
6.21 ,14.26 
19.24 ,17.38 
3.48 ,14.03 
2.45 ,12.02 
15.29 ,15.40 
4.34 ,3.66 
3.52 ,17.60 
7.99 ,16.28 
16.12 ,2.42 
17.60 ,15.11 
1.77 ,19.36 
5.95 ,6.49 
3.72 ,17.67 
4.45 ,7.02 
16.36 ,4.55 
10.69 ,16.38 
2.46 ,3.77 
3.48 ,11.84 
10.58 ,2.60 
16.00 ,7.58 
1.69 ,6.91 
14.71 ,18.13 
1.70 ,13.55 
4.18 ,3.02 
15.23 ,9.10 
16.10 ,5.20 
6.60 ,13.25 
17.99 ,3.82 
6.05 ,13.91 
19.15 ,9.92 
12.98 ,6.75 
9.69 ,13.80 
11.35 ,9.10 
15.76 ,13.01 
16.45 ,10.98 
4.04 ,13.38 
10.10 ,17.96 
10.20 ,7.51 
11.41 ,14.60 
16.92 ,19.92 
16.40 ,19.18 
2.72 ,7.84 
12.88 ,3.66 
10.36 ,4.07 
18.14 ,8.55 
6.96 ,6.74 
6.04 ,18.98 
2.40 ,10.90 
0.77 ,10.45 
1.08 ,19.34 
12.63 ,12.93 
1.49 ,12.40 
14.70 ,11.30 
11.04 ,14.89 
17.97 ,2.14 
1.99 ,10.30 
9.12 ,2.06 
18.63 ,9.41 
9.03 ,4.78 
9.42 ,11.13 
10.78 ,15.55 
8.09 ,5.23 
11.00 ,0.62 
7.03 ,1.80 
2.33 ,17.76 
6.46 ,12.49 
17.25 ,1.25 
7.37 ,17.28 
7.31 ,13.62 
9.33 ,8.97 
15.24 ,18.43 
5.74 ,6.91 
13.39 ,12.07 
11.68 ,4.47 
2.65 ,11.90 
6.48 ,12.48 
17.62 ,14.56 
17.25 ,16.36 
12.10 ,13.85 
11.53 ,7.20 
18.62 ,0.25 
16.61 ,19.29 
1.17 ,4.21 
11.35 ,16.02 
11.90 ,7.39 
19.60 ,5.32 
4.73 ,6.31 
16.59 ,1.74 
1.85 ,5.51 
11.91 ,11.02 
10.85 ,2.37 
3.29 ,1.99 
15.49 ,11.94 
8.99 ,11.69 
1.13 ,8.52 
17.01 ,3.87 
3.89 ,4.19 
11.96 ,9.03 
0.99 ,16.69 
10.59 ,11.54 
16.71 ,7.14 
17.02 ,14.39 
4.06 ,12.08 
15.57 ,10.33 
8.01 ,15.34 
11.60 ,15.62 
10.36 ,5.64 
10.91 ,1.23 
14.31 ,2.27 
8.72 ,1.91 
12.37 ,12.32 
10.78 ,8.16 
19.22 ,16.61 
13.89 ,13.45 
17.56 ,10.43 
16.09 ,17.78 
11.71 ,6.74 
18.77 ,8.61 
14.97 ,13.93 
7.39 ,10.81 
16.67 ,2.32 
14.87 ,2.95 
1.59 ,6.02 
6.03 ,19.28 
6.09 ,2.33 
1.79 ,11.22 
13.09 ,4.88 
4.74 ,10.41 
7.96 ,1.56 
0.99 ,4.86 
0.81 ,2.91 
6.66 ,0.65 
12.98 ,0.77 
3.68 ,11.54 
1.56 ,17.08 
13.28 ,15.10 
12.39 ,11.17 
10.14 ,10.14 
12.43 ,17.05 
13.36 ,19.49 
16.22 ,7.65 
11.15 ,0.00 
10.78 ,1.37 
10.04 ,4.40 
13.67 ,18.18 
4.08 ,8.08 
9.58 ,7.68 
9.05 ,17.19 
14.93 ,9.95 
11.11 ,4.47 
7.89 ,9.36 
16.86 ,6.48 
12.75 ,19.13 
5.84 ,5.24 
12.77 ,4.60 
12.31 ,19.02 
8.78 ,16.67 
7.73 ,9.62 
12.55 ,8.69 
8.43 ,3.33 
7.41 ,15.37 
4.34 ,5.09 
1.15 ,9.46 
8.86 ,17.77 
1.11 ,5.78 
12.12 ,18.24 
18.47 ,9.86 
16.87 ,19.32 
4.64 ,12.93 
15.36 ,2.69 
6.92 ,13.24 
19.93 ,2.20 
2.37 ,2.14 
2.91 ,0.60 
10.00 ,0.70 
11.11 ,15.74 
14.23 ,17.02 
15.69 ,4.08 
4.04 ,8.25 
14.61 ,2.59 
8.98 ,6.23 
9.49 ,1.57 
1.40 ,12.51 
17.70 ,16.76 
13.26 ,6.32 
15.63 ,12.09 
15.81 ,15.71 
13.23 ,0.05 
18.48 ,8.80 
17.66 ,18.02 
14.43 ,15.90 
11.78 ,10.10 
0.59 ,3.68 
8.68 ,12.17 
1.64 ,17.95 
2.63 ,4.62 
1.86 ,0.96 
14.87 ,9.43 
2.57 ,9.42 
0.97 ,5.68 
19.12 ,19.08 
0.46 ,8.68 
3.34 ,6.61 
17.29 ,5.88 
6.35 ,15.29 
2.22 ,4.57 
5.36 ,12.29 
10.56 ,15.75 
19.18 ,3.66 
10.88 ,16.43 
15.10 ,7.34 
4.07 ,15.14 
13.06 ,9.46 
11.12 ,15.03 
9.97 ,17.85 
18.86 ,12.20 
1.31 ,0.94 
16.41 ,17.68 
9.33 ,9.19 
16.94 ,0.82 
19.37 ,2.12 
12.47 ,3.08 
8.44 ,0.84 
12.25 ,7.10 
8.50 ,10.01 
9.40 ,6.61 
16.88 ,8.58 
5.65 ,10.87 
13.71 ,4.81 
13.65 ,3.21 
7.11 ,17.17 
4.77 ,15.61 
1.61 ,14.52 
15.67 ,2.80 
6.60 ,5.75 
10.25 ,15.49 
7.00 ,14.13 
16.00 ,19.81 
19.93 ,15.48 
16.22 ,16.79 
14.52 ,10.24 
8.86 ,10.22 
1.91 ,4.77 
1.30 ,19.14 
12.27 ,2.01 
16.42 ,14.78 
7.55 ,6.00 
16.44 ,12.30 
14.04 ,19.95 
11.75 ,18.09 
2.03 ,4.59 
4.46 ,16.77 
10.01 ,10.29 
2.27 ,0.65 
12.97 ,3.99 
12.20 ,2.07 
18.17 ,16.03 
12.23 ,11.33 
4.91 ,10.79 
15.34 ,16.27 
8.77 ,19.60 
11.00 ,10.39 
12.13 ,16.13 
2.93 ,18.87 
8.60 ,18.37 
15.30 ,1.37 
4.83 ,3.23 
13.04 ,1.65 
2.97 ,0.60 
5.69 ,11.65 
4.23 ,19.69 
11.49 ,14.64 
6.13 ,16.04 
6.44 ,8.75 
19.53 ,5.93 
3.87 ,8.60 
6.50 ,4.98 
8.42 ,1.43 
3.08 ,9.47 
16.66 ,16.21 
1.75 ,14.16 
18.06 ,5.67 
10.75 ,3.64 
17.14 ,4.68 
0.13 ,7.79 
19.01 ,14.99 
2.56 ,1.70 
7.42 ,3.35 
19.74 ,0.84 
17.98 ,18.98 
8.67 ,2.44 
6.04 ,18.11 
14.75 ,10.96 
18.68 ,18.11 
4.34 ,4.72 
4.21 ,15.06 
14.20 ,12.41 
18.52 ,7.00 
18.92 ,12.94 
18.09 ,13.05 
2.36 ,17.53 
7.67 ,15.34 
0.82 ,1.88 
9.80 ,9.75 
13.05 ,0.51 
13.07 ,4.11 
17.83 ,14.82 
2.56 ,4.33 
0.87 ,7.80 
0.48 ,0.14 
19.02 ,15.12 
18.74 ,2.32 
12.27 ,0.71 
5.02 ,0.55 
8.42 ,6.97 
11.34 ,12.08 
18.16 ,4.69 
5.72 ,0.29 
4.11 ,15.07 
6.09 ,16.55 
9.09 ,8.26 
16.08 ,3.63 
14.84 ,7.36 
2.26 ,4.86 
10.04 ,17.56 
16.39 ,0.01 
19.94 ,9.25 
17.33 ,13.23 
19.04 ,0.61 
0.80 ,13.78 
16.87 ,14.38 
0.60 ,7.64 
6.55 ,19.38 
9.12 ,13.98 
19.50 ,1.49 
13.93 ,5.67 
3.42 ,7.75 
13.22 ,6.64 
13.72 ,18.65 
3.81 ,19.20 
11.02 ,2.14 
8.03 ,13.57 
13.74 ,7.94 
7.00 ,12.18 
19.65 ,9.20 
2.16 ,11.67 
19.16 ,1.55 
12.10 ,9.61 
18.75 ,12.74 
11.11 ,19.24 
7.28 ,12.38 
5.32 ,14.87 
16.01 ,18.05 
16.62 ,9.26 
6.02 ,16.39 
7.55 ,12.65 
18.40 ,15.89 
0.66 ,8.13 
14.26 ,12.29 
1.20 ,13.22 
2.38 ,10.24 
6.33 ,11.59 
17.52 ,12.78 
17.59 ,17.11 
5.33 ,17.67 
6.89 ,17.36 
17.70 ,8.49 
3.61 ,12.89 
18.45 ,4.61 
5.39 ,9.43 
2.28 ,18.76 
10.83 ,19.79 
2.62 ,12.34 
11.40 ,10.86 
9.71 ,6.32 
14.30 ,5.45 
2.75 ,15.02 
4.48 ,18.53 
1.07 ,14.30 
19.74 ,6.10 
10.38 ,14.65 
5.36 ,18.63 
19.99 ,15.59 
15.09 ,15.70 
18.73 ,18.14 
8.56 ,9.55 
2.65 ,9.11 
15.72 ,8.67 
11.27 ,0.02 
16.09 ,16.83 
16.83 ,8.19 
17.61 ,10.67 
11.91 ,18.98 
9.13 ,13.04 
10.31 ,7.75 
7.72 ,4.23 
0.59 ,15.58 
15.71 ,17.14 
7.94 ,13.94 
7.17 ,19.87 
19.41 ,7.61 
6.97 ,9.94 
14.71 ,18.41 
19.44 ,19.85 
2.56 ,7.81 
19.51 ,13.93 
16.44 ,10.69 
4.94 ,11.99 
1.50 ,4.82 
13.50 ,18.44 
1.51 ,17.22 
5.22 ,15.53 
1.52 ,6.12 
9.97 ,18.45 
3.94 ,19.14 
0.92 ,9.00 
2.32 ,17.09 
17.19 ,7.08 
16.33 ,3.10 
3.38 ,7.03 
1.09 ,7.91 
5.74 ,19.60 
4.09 ,16.35 
14.82 ,14.47 
3.81 ,13.44 
9.21 ,2.56 
9.83 ,9.33 
15.44 ,8.92 
0.62 ,11.03 
17.39 ,1.20 
8.54 ,0.12 
7.08 ,1.03 
14.55 ,9.31 
15.42 ,18.54 
19.13 ,15.08 
6.46 ,14.18 
5.24 ,14.00 
17.36 ,15.21 
19.67 ,15.99 
2.90 ,4.06 
9.26 ,11.12 
12.46 ,16.59 
18.66 ,1.71 
18.15 ,8.87 
19.77 ,7.44 
9.84 ,10.27 
14.51 ,10.98 
13.05 ,0.81 
12.43 ,11.87 
10.45 ,13.77 
9.46 ,11.72 
18.33 ,9.28 
17.37 ,11.34 
17.64 ,1.94 
3.29 ,13.50 
5.75 ,9.06 
8.45 ,6.49 
15.46 ,3.13 
18.86 ,10.89 
12.88 ,15.01 
1.18 ,12.75 
1.97 ,2.54 
14.10 ,0.76 
14.03 ,5.70 
1.79 ,10.02 
0.01 ,11.62 
18.33 ,17.73 
16.83 ,18.86 
1.91 ,5.70 
17.58 ,16.44 
4.91 ,15.21 
4.42 ,4.84 
11.39 ,17.06 
11.97 ,12.23 
1.55 ,5.32 
11.07 ,7.70 
12.29 ,13.93 
9.32 ,19.92 
14.66 ,1.91 
7.04 ,2.73 
18.45 ,10.12 
5.95 ,3.53 
5.17 ,5.66 
16.52 ,16.80 
9.84 ,19.38 
9.83 ,19.12 
3.95 ,14.12 
17.92 ,13.57 
12.80 ,4.79 
9.26 ,16.53 
17.95 ,6.93 
19.80 ,5.33 
14.13 ,6.50 
4.84 ,11.66 
14.02 ,9.33 
11.63 ,14.70 
16.22 ,13.98 
7.16 ,8.85 
8.44 ,1.98 
13.30 ,3.88 
17.53 ,2.08 
15.44 ,5.82 
17.80 ,2.37 
0.90 ,10.70 
15.75 ,14.71 
19.43 ,2.22 
2.61 ,12.39 
11.14 ,0.59 
15.78 ,2.33 
10.42 ,16.75 
6.81 ,14.94 
4.22 ,16.00 
18.09 ,17.93 
1.65 ,11.30 
10.16 ,1.97 
18.08 ,7.13 
11.95 ,7.90 
1.80 ,7.76 
12.72 ,7.06 
8.22 ,10.91 
1.21 ,10.41 
0.92 ,1.58 
17.66 ,13.00 
16.72 ,11.33 
7.45 ,1.11 
18.29 ,5.24 
15.23 ,1.33 
17.46 ,13.36 
1.89 ,15.91 
8.44 ,11.11 
18.60 ,12.65 
1.74 ,8.44 
0.57 ,10.67 
1.16 ,9.63 
15.26 ,14.56 
1.51 ,15.35 
16.31 ,17.08 
1.67 ,6.08 
10.86 ,7.27 
3.85 ,18.82 
16.22 ,11.18 
11.57 ,6.71 
7.67 ,2.28 
0.18 ,9.00 
7.18 ,18.97 
13.79 ,4.63 
11.24 ,6.19 
11.13 ,11.66 
11.67 ,10.08 
0.24 ,5.73 
19.67 ,0.64 
16.26 ,15.44 
14.86 ,13.84 
10.00 ,16.18 
5.58 ,18.04 
18.65 ,5.02 
3.80 ,1.17 
9.74 ,19.37 
13.65 ,6.57 
11.55 ,2.27 
0.15 ,16.87 
13.39 ,4.29 
15.26 ,11.39 
4.54 ,3.94 
12.27 ,12.43 
18.05 ,6.97 
8.28 ,7.59 
13.98 ,15.87 
6.69 ,3.53 
12.05 ,0.02 
7.52 ,2.84 
10.27 ,6.63 
8.50 ,19.47 
3.98 ,9.10 
5.67 ,3.63 
19.71 ,6.01 
5.50 ,3.54 
16.51 ,4.50 
10.80 ,2.98 
13.42 ,16.17 
6.45 ,9.97 
1.37 ,8.01 
2.96 ,6.54 
7.29 ,6.85 
15.98 ,12.37 
15.83 ,15.53 
8.08 ,5.92 
1.95 ,10.31 
6.63 ,8.89 
16.71 ,2.24 
18.22 ,15.48 
6.17 ,0.43 
18.17 ,12.86 
4.84 ,14.18 
18.69 ,6.86 
6.25 ,2.10 
18.24 ,5.10 
0.66 ,7.06 
11.13 ,12.71 
11.58 ,12.45 
10.86 ,7.44 
8.43 ,2.92 
14.69 ,7.17 
13.60 ,12.02 
15.36 ,11.63 
17.23 ,3.42 
18.07 ,11.70 
2.50 ,6.70 
3.80 ,14.59 
2.17 ,13.75 
12.15 ,17.65 
13.59 ,1.52 
12.92 ,5.74 
15.81 ,11.99 
0.07 ,8.83 
10.91 ,1.39 
11.35 ,10.66 
14.66 ,7.76 
13.83 ,1.70 
15.99 ,15.08 
11.63 ,9.05 
9.36 ,1.34 
7.01 ,0.52 
14.21 ,16.00 
6.01 ,6.42 
4.34 ,16.07 
8.89 ,12.60 
17.86 ,8.65 
2.67 ,6.67 
5.61 ,1.81 
16.98 ,13.33 
16.32 ,0.43 
3.46 ,9.51 
7.87 ,16.23 
10.17 ,7.23 
10.54 ,11.58 
5.05 ,10.19 
10.00 ,11.82 
2.96 ,12.81 
4.71 ,6.46 
0.68 ,1.16 
19.16 ,16.64 
8.82 ,3.97 
7.30 ,18.83 
4.55 ,12.35 
4.34 ,4.39 
7.96 ,9.86 
19.07 ,3.57 
9.87 ,1.19 
12.64 ,12.28 
6.74 ,15.40 
14.42 ,6.34 
11.64 ,0.30 
0.66 ,15.81 
16.27 ,15.59 
4.35 ,9.39 
12.93 ,3.62 
19.80 ,15.16 
1.76 ,18.38 
11.74 ,12.81 
5.38 ,4.98 
12.94 ,1.73 
0.16 ,8.64 
5.52 ,4.03 
8.90 ,14.34 
14.62 ,10.89 
18.91 ,9.14 
0.79 ,9.07 
0.78 ,16.91 
8.73 ,7.29 
12.74 ,14.90 
4.34 ,1.89 
15.82 ,15.31 
8.71 ,9.76 
11.76 ,17.96 
0.92 ,1.37 
16.24 ,6.53 
14.34 ,14.78 
8.70 ,14.51 
16.15 ,4.81 
3.99 ,5.76 
12.71 ,12.12 
19.69 ,16.57 
19.28 ,18.87 
3.87 ,19.48 
19.85 ,1.19 
7.54 ,12.45 
18.35 ,17.66 
14.19 ,18.79 
15.13 ,3.77 
19.38 ,1.19 
3.67 ,6.20 
19.89 ,8.32 
9.72 ,19.91 
13.46 ,18.37 
16.42 ,12.25 
8.18 ,14.41 
5.87 ,16.95 
14.98 ,13.44 
1.45 ,16.40 
19.65 ,4.85 
6.68 ,0.80 
0.20 ,19.12 
5.22 ,5.17 
9.15 ,7.53 
16.51 ,17.49 
12.05 ,6.15 
6.28 ,14.66 
14.54 ,7.18 
15.37 ,3.08 
9.87 ,14.57 
8.05 ,0.74 
12.09 ,12.12 
14.37 ,4.78 
19.07 ,2.28 
9.96 ,13.59 
12.26 ,0.39 
13.52 ,4.08 
4.45 ,11.24 
1.60 ,10.05 
9.12 ,8.05 
8.36 ,17.50 
12.26 ,19.25 
16.38 ,8.09 
6.66 ,11.97 
17.29 ,19.38 
4.06 ,15.12 
5.38 ,7.30 
4.08 ,9.64 
3.97 ,14.36 
17.47 ,18.66 
10.75 ,18.81 
4.79 ,15.42 
17.71 ,7.11 
6.62 ,15.24 
19.19 ,0.86 
8.92 ,12.15 
15.99 ,0.03 
8.74 ,6.14 
11.29 ,11.66 
2.49 ,13.37 
19.27 ,10.28 
12.24 ,7.93 
7.08 ,6.72 
17.32 ,5.98 
17.81 ,18.28 
14.12 ,0.20 
0.40 ,6.01 
14.06 ,9.32 
7.03 ,9.10 
6.57 ,0.21 
13.64 ,11.85 
13.38 ,7.36 
14.03 ,11.74 
19.14 ,17.99 
3.63 ,4.48 
14.43 ,9.69 
15.11 ,0.33 
8.70 ,14.15 
11.58 ,2.71 
8.85 ,19.52 
14.65 ,17.34 
18.89 ,17.63 
3.68 ,6.78 
19.40 ,16.34 
5.30 ,15.14 
15.74 ,19.75 
2.08 ,1.24 
4.97 ,13.09 
16.23 ,15.25 
17.09 ,12.08 
5.79 ,5.96 
18.32 ,16.49 
3.96 ,16.56 
6.47 ,13.32 
6.48 ,6.26 
19.74 ,13.54 
1.49 ,4.54 
9.80 ,1.51 
6.02 ,16.59 
7.88 ,14.49 
6.82 ,14.82 
2.32 ,2.50 
7.01 ,1.20 
2.40 ,3.90 
3.36 ,15.45 
13.36 ,17.65 
10.21 ,0.22 
3.03 ,7.43 
14.51 ,16.92 
8.63 ,14.61 
4.90 ,12.51 
17.54 ,13.10 
18.74 ,15.75 
1.23 ,16.61 
18.68 ,17.56 
3.28 ,8.82 
6.69 ,12.76 
12.73 ,16.76 
11.09 ,10.34 
6.41 ,3.12 
4.40 ,0.96 
9.84 ,13.48 
2.80 ,5.79 
15.62 ,19.95 
19.02 ,13.43 
13.02 ,18.92 
8.05 ,0.52 
15.04 ,16.07 
14.28 ,11.31 
2.41 ,6.25 
8.41 ,7.53 
0.26 ,8.71 
8.37 ,18.32 
10.68 ,9.88 
13.63 ,9.20 
15.74 ,8.58 
14.82 ,13.62 
7.88 ,4.92 
15.19 ,15.94 
18.20 ,19.24 
16.18 ,6.42 
16.98 ,9.51 
17.67 ,17.65 
16.24 ,14.34 
12.60 ,16.73 
6.64 ,11.15 
6.61 ,17.00 
9.58 ,2.62 
6.59 ,9.82 
5.43 ,17.71 
5.88 ,9.41 
19.29 ,13.52 
15.00 ,7.95 
9.77 ,6.16 
9.88 ,13.08 
13.77 ,10.07 
9.21 ,9.95 
3.98 ,0.52 
4.48 ,16.62 
4.72 ,3.70 
16.80 ,6.85 
12.08 ,5.86 
14.30 ,12.34 
3.86 ,14.57 
5.86 ,3.00 
11.78 ,17.71 
7.72 ,19.61 
15.10 ,6.86 
0.23 ,8.55 
12.74 ,6.14 
18.26 ,7.70 
11.19 ,15.86 
11.73 ,15.25 
8.58 ,13.67 
14.19 ,7.03 
14.97 ,11.86 
11.77 ,0.84 
10.68 ,9.92 
14.16 ,19.67 
12.22 ,17.44 
15.97 ,8.54 
5.55 ,19.08 
2.19 ,13.92 
10.15 ,8.57 
17.28 ,8.00 
2.08 ,17.54 
19.55 ,0.66 
9.51 ,14.29 
9.68 ,5.54 
12.60 ,16.09 
18.87 ,14.47 
7.98 ,15.22 
19.77 ,0.82 
1.75 ,16.63 
16.05 ,6.98 
7.96 ,4.68 
7.47 ,15.87 
7.35 ,19.83 
4.45 ,12.96 
8.29 ,15.64 
6.51 ,14.38 
3.40 ,10.78 
13.41 ,4.36 
1.69 ,19.49 
15.51 ,14.16 
19.52 ,13.43 
15.20 ,9.67 
13.04 ,10.98 
5.31 ,4.00 
5.24 ,5.09 
3.06 ,2.66 
10.77 ,18.74 
12.88 ,14.86 
0.69 ,15.83 
15.19 ,2.08 
0.97 ,1.31 
0.55 ,10.06 
16.29 ,9.94 
5.58 ,17.01 
14.99 ,19.13 
4.06 ,10.60 
17.72 ,17.77 
12.40 ,6.41 
13.92 ,10.34 
0.96 ,2.08 
12.94 ,8.74 
6.45 ,11.95 
7.77 ,6.66 
6.98 ,15.55 
3.82 ,7.21 
8.40 ,2.16 
15.63 ,9.57 
4.51 ,5.31 
8.82 ,0.36 
4.53 ,9.74 
14.54 ,11.77 
18.03 ,15.82 
8.30 ,9.72 
10.69 ,12.61 
14.19 ,7.25 
5.38 ,4.12 
10.68 ,10.96 
17.12 ,12.83 
1.87 ,19.35 
12.76 ,15.47 
8.02 ,18.92 
11.14 ,14.74 
3.88 ,12.28 
4.94 ,14.12 
11.39 ,16.27 
16.86 ,7.57 
11.20 ,7.89 
15.45 ,16.05 
7.62 ,13.02 
3.31 ,16.31 
0.13 ,2.83 
7.99 ,0.63 
9.94 ,10.73 
3.85 ,18.45 
14.23 ,4.34 
9.65 ,2.19 
10.13 ,4.69 
18.92 ,11.30 
18.76 ,11.92 
9.65 ,6.06 
2.80 ,15.37 
1.51 ,19.50 
8.76 ,17.32 
15.23 ,15.82 
12.94 ,8.22 
8.42 ,18.45 
15.07 ,9.02 
5.50 ,1.69 
9.97 ,15.46 
14.69 ,19.79 
12.69 ,17.13 
15.90 ,14.79 
15.72 ,0.83 
1.27 ,16.18 
4.86 ,0.09 
12.69 ,11.33 
19.83 ,16.15 
9.14 ,19.84 
16.85 ,10.11 
19.02 ,10.92 
12.58 ,19.73 
1.55 ,6.30 
6.29 ,6.36 
4.24 ,10.44 
11.66 ,15.56 
10.38 ,15.90 
17.70 ,7.52 
3.86 ,4.92 
11.73 ,6.56 
13.05 ,3.91 
7.23 ,2.51 
7.12 ,4.43 
12.60 ,12.41 
16.57 ,1.84 
3.19 ,0.89 
7.16 ,8.57 
19.41 ,11.75 
18.31 ,6.71 
9.80 ,6.90 
11.91 ,12.72 
3.07 ,9.22 
4.71 ,7.26 
17.11 ,8.43 
14.64 ,4.50 
18.39 ,0.06 
6.90 ,19.44 
17.40 ,13.63 
2.28 ,5.55 
17.77 ,19.98 
14.16 ,3.88 
6.31 ,16.89 
6.28 ,2.64 
14.21 ,9.29 
12.30 ,19.35 
8.77 ,7.48 
1.26 ,18.44 
2.81 ,12.99 
13.38 ,12.88 
8.95 ,9.56 
1.01 ,17.87 
10.70 ,13.20 
16.88 ,11.97 
11.10 ,12.22 
1.11 ,17.89 
7.95 ,13.64 
3.79 ,6.64 
10.12 ,11.89 
6.12 ,2.79 
5.68 ,12.88 
5.25 ,6.76 
14.66 ,4.49 
1.96 ,9.64 
16.16 ,12.13 
7.02 ,8.04 
14.46 ,17.72 
16.05 ,19.88 
7.62 ,10.05 
14.81 ,10.94 
16.97 ,14.91 
9.32 ,9.27 
16.06 ,13.77 
2.39 ,18.80 
19.95 ,16.38 
0.14 ,6.41 
1.74 ,8.45 
12.61 ,0.15 
13.27 ,14.69 
16.33 ,18.99 
2.71 ,4.06 
11.11 ,10.26 
2.96 ,5.47 
16.58 ,0.68 
8.08 ,15.72 
12.38 ,1.02 
9.65 ,8.71 
17.99 ,4.36 
0.93 ,5.19 
13.59 ,17.17 
1.79 ,7.41 
0.97 ,10.70 
2.13 ,1.41 
7.12 ,10.73 
10.17 ,9.36 
6.48 ,7.34 
15.64 ,11.71 
3.19 ,10.49 
19.72 ,3.59 
6.63 ,12.56 
5.67 ,10.31 
4.53 ,4.30 
0.38 ,13.58 
0.91 ,18.06 
8.79 ,0.06 
17.17 ,17.22 
15.98 ,2.89 
10.44 ,4.85 
17.85 ,10.25 
5.99 ,6.44 
10.19 ,6.77 
7.80 ,6.72 
13.87 ,15.42 
2.30 ,12.19 
0.92 ,19.70 
5.86 ,9.07 
13.68 ,0.30 
2.22 ,11.47 
4.91 ,1.87 
17.31 ,15.71 
4.66 ,18.06 
6.57 ,19.58 
18.36 ,15.30 
11.43 ,4.41 
18.15 ,12.32 
6.55 ,7.00 
2.93 ,8.38 
4.85 ,14.34 
10.64 ,3.77 
12.43 ,14.76 
3.91 ,2.18 
10.48 ,10.15 
1.86 ,14.57 
4.91 ,10.28 
15.77 ,1.91 
6.79 ,11.47 
17.17 ,13.53 
4.37 ,15.89 
5.92 ,2.71 
5.70 ,17.46 
18.45 ,2.18 
9.12 ,9.56 
9.30 ,10.67 
11.31 ,14.52 
0.86 ,13.38 
11.95 ,19.20 
14.68 ,9.21 
6.50 ,9.35 
4.72 ,0.56 
6.20 ,0.90 
10.92 ,0.23 
6.67 ,3.86 
13.62 ,14.03 
17.14 ,6.08 
5.84 ,9.76 
13.82 ,8.52 
11.67 ,6.57 
10.44 ,17.52 
8.72 ,14.25 
19.52 ,17.54 
3.19 ,17.30 
17.26 ,18.56 
17.35 ,18.29 
12.12 ,4.30 
15.91 ,16.71 
8.49 ,12.49 
5.25 ,17.14 
13.34 ,3.08 
14.67 ,2.69 
6.95 ,13.24 
12.19 ,14.59 
15.19 ,7.65 
3.71 ,5.10 
9.20 ,7.08 
3.58 ,6.06 
6.91 ,5.43 
8.97 ,19.40 
2.86 ,17.36 
4.19 ,4.42 
3.79 ,12.14 
13.00 ,13.29 
0.07 ,8.99 
0.66 ,11.53 
2.87 ,12.65 
5.46 ,13.03 
4.78 ,14.19 
18.43 ,2.20 
11.26 ,4.03 
9.56 ,5.92 
3.72 ,12.18 
10.75 ,15.54 
7.19 ,19.26 
16.34 ,14.06 
8.03 ,17.64 
17.44 ,15.95 
7.75 ,0.85 
